,ativo,precoDia,min52,max52,Dividend,Val12%,P/VP,P/L,P/Ebitda,P/Ebit,P/Ativo,EV/Ebitda,EV/EBIT,PSR,P/Cap.Giro,P/Ativo Circ Liq,Margem Bruta%,Margem Ebitda%,Margem Ebit%,Margem Líquida%,Giro Ativos,ROE%,ROA%,ROIC%,LPA,VPA,Dívida Líq/Patrim,Dívida Líq/EBITDA,Dívida Líq/EBIT,Patrim / Ativos,Passivos / Ativos,Liquidez Corrente,CAGR Receitas 5 Anos,CAGR Lucros 5 Anos
0,RANI4,"5,29","2,55","11,60",0.43,0.8368000000000001,2.62,0.0,"3,99","4,30","0,56","5,48","5,91","0,98","12,02","12,02",0.2986,0.2462,0.22820000000000001,-0.0886,"0,57",-0.2365,-0.0504,0.127,"-0,48","2,02","2,16","3,29","3,55","0,21","0,79","1,17","3,45 %",- %
1,BDLL4,"6,50","6,01","22,00",0.0,-0.5357,0.83,0.0,"-0,14","-0,12","0,01","-3,29","-2,95","0,19","-0,06","-0,06",-0.3098,-1.4028,-1.5633000000000001,-1.9335,"0,06",-8.3133,-0.1249,-0.35479999999999995,"-65,41","7,87","18,15","-3,01","-2,70","0,02","0,98","0,62","-27,84 %",- %
2,HOOT4,"1,81","1,55","4,09",0.0,-0.047400000000000005,0.0,0.0,"-0,32","-0,31","0,07","-0,13","-0,13","0,37","-0,06","-0,06",0.6570999999999999,-1.1261,-1.172,-1.5019,"0,19",0.35590000000000005,-0.2861,0.284,"-7,44","-20,89",-,"0,01","0,01","-0,80","1,80","0,04","-8,87 %",- %
3,RANI3,"2,70","2,46","6,80",0.84,-0.0037,1.34,0.0,"2,03","2,19","0,29","5,48","5,91","0,50","6,14","6,14",0.2986,0.2462,0.22820000000000001,-0.0886,"0,57",-0.2365,-0.0504,0.127,"-0,48","2,02","2,16","3,29","3,55","0,21","0,79","1,17","3,45 %",- %
4,JBDU3,"1,94","1,87","7,98",0.0,-0.7229000000000001,0.14,0.0,-,"-0,39","0,05",-,"-0,47",-,"-0,31","-0,31",-90000.0,-90000.0,-90000.0,-90000.0,"0,00",-0.2206,-0.0785,-0.48450000000000004,"-2,99","13,56","0,07",-,"-0,19","0,36","0,64","0,00",- %,- %
5,ENGI4,"6,05","5,90","11,78",1.98,-0.0049,1.7,20.83,-,"4,69","0,28",-,"11,74","0,55","4,72","4,72",0.1634,-90000.0,0.1177,0.0265,"0,51",0.0816,0.0134,0.08,"0,29","3,56","2,23",-,"6,16","0,16","0,84","1,31","10,32 %","8,45 %"
6,LUPA3,"1,22","0,94","3,07",0.0,-0.2375,0.31,0.0,-,"-1,48","0,06",-,"-8,39","0,93","0,26","0,26",0.0006,-90000.0,-0.6325,-0.8011,"0,06",-0.26289999999999997,-0.0519,-0.08380000000000001,"-1,05","3,98","1,44",-,"-6,92","0,20","0,80","2,69","-34,37 %",- %
7,KLBN3,"3,43","2,58","4,87",5.03,-0.2957,2.85,25.97,"5,08","7,34","0,53","8,85","12,80","1,81","1,76","1,76",0.33299999999999996,0.3558,0.24600000000000002,0.0696,"0,30",0.1099,0.0206,0.07769999999999999,"0,13","1,20","2,21","3,93","5,68","0,19","0,81","4,40","12,55 %",- %
8,SUZB3,"39,80","25,00","44,94",2.23,-0.1134,3.0,0.0,-,"20,61","0,55",-,"41,26","2,08","7,32","7,32",0.2026,-90000.0,0.10099999999999999,-0.1082,"0,27",-0.15560000000000002,-0.0287,0.0165,"-2,07","13,29","3,00",-,"20,65","0,18","0,82","1,65","20,53 %",- %
9,AFLT3,"5,93","4,38","32,72",1.78,0.10220000000000001,1.75,14.81,-,"14,99","1,66",-,"12,96","9,69","5,25","5,25",0.6631999999999999,-90000.0,0.6463,0.654,"0,17",0.11779999999999999,0.1119,0.1061,"0,40","3,40","-0,24",-,"-2,02","0,95","0,05","18,09","7,09 %","14,86 %"
10,BRFS3,"15,26","13,01","40,50",0.0,-0.3663,1.52,41.68,"3,50","4,20","0,30","7,45","8,93","0,37","7,20","7,20",0.2415,0.1058,0.0883,0.0089,"0,80",0.0365,0.0070999999999999995,0.1056,"0,37","10,03","1,71","3,94","4,73","0,20","0,80","1,13","0,76 %","-37,55 %"
11,AZEV3,"3,22","2,50","24,45",0.0,-0.863,0.0,0.0,"-0,23","-0,22","316,65","-0,55","-0,53","0,71","-0,11","-0,11",-1.5965,-3.1617,-3.2952,-5.331799999999999,"444,50",0.5903,-2370.0217000000002,0.6163000000000001,"-24,10","-40,83",-,"-0,39","-0,37","-4.015,01","5.015,01","0,11","-31,81 %",- %
12,TXRX4,"4,93","2,11","15,02",0.0,1.0628,0.0,0.98,-,"0,85","0,11",-,"9,47","0,20","-0,08","-0,08",0.3155,-90000.0,0.23550000000000001,0.20379999999999998,"0,57",-0.0735,0.1161,-0.2889,"5,03","-68,41",-,-,"8,31","-1,58","2,58","0,18","6,60 %",- %
13,IDNT3,"1,93","1,85","4,99",0.0,-0.3345,1.72,5.8,-,"8,11","0,50",-,"7,25",-,"45,26","45,26",-90000.0,-90000.0,-90000.0,-90000.0,"0,00",0.2964,0.08539999999999999,0.0692,"0,33","1,12","-0,18",-,"-0,86","0,29","0,71","1,16",- %,- %
14,KLBN11,"16,61","12,87","22,06",5.2,0.015300000000000001,2.76,25.15,"4,92","7,11","0,52","8,85","12,80","1,75","1,70","1,70",0.33299999999999996,0.3558,0.24600000000000002,0.0696,"0,30",0.1099,0.0206,0.07769999999999999,"0,66","6,01","2,21","3,93","5,68","0,19","0,81","4,40","12,55 %",- %
15,GOAU4,"4,18","3,84","10,82",2.87,-0.43670000000000003,0.17,3.8,"0,87","1,43","0,08","2,70","4,47","0,11","0,42","0,42",0.106,0.1325,0.0801,0.0302,"0,73",0.044000000000000004,0.022099999999999998,0.06280000000000001,"1,10","25,04","0,36","1,86","3,07","0,50","0,50","2,46","-1,88 %",- %
16,BIOM3,"9,60","5,61","17,72",0.0,0.4679,3.8,0.0,-,"-11,09","1,50",-,"-12,06","65,22","6,68","6,68",0.0583,-90000.0,-5.8822,-6.2402,"0,02",-0.3635,-0.1436,-0.1703,"-0,92","2,53","0,33",-,"-0,97","0,39","0,61","2,44",- %,- %
17,GGBR3,"8,30","7,62","19,42",2.53,-0.3371,0.53,11.73,"2,71","4,48","0,26","4,79","7,92","0,36","1,32","1,32",0.106,0.13269999999999998,0.0803,0.030699999999999998,"0,73",0.044800000000000006,0.0225,0.06309999999999999,"0,71","15,80","0,36","1,85","3,06","0,50","0,50","2,46","-1,88 %",- %
18,KLBN4,"3,28","2,55","4,39",5.26,0.1469,2.73,24.83,"4,86","7,02","0,51","8,85","12,80","1,73","1,68","1,68",0.33299999999999996,0.3558,0.24600000000000002,0.0696,"0,30",0.1099,0.0206,0.07769999999999999,"0,13","1,20","2,21","3,93","5,68","0,19","0,81","4,40","12,55 %",- %
19,GGBR4,"9,33","8,64","22,23",2.25,-0.4023,0.59,13.18,"3,05","5,04","0,30","4,79","7,92","0,40","1,48","1,48",0.106,0.13269999999999998,0.0803,0.030699999999999998,"0,73",0.044800000000000006,0.0225,0.06309999999999999,"0,71","15,80","0,36","1,85","3,06","0,50","0,50","2,46","-1,88 %",- %
20,TEKA4,"7,40","4,49","10,00",0.0,-0.16570000000000001,0.0,0.0,"-0,16","-0,13","0,00","-20,29","-16,61","0,03","0,00","0,00",0.149,-0.1566,-0.1913,-0.8676,"0,15",0.0825,-0.1317,0.0278,"-256,44","-3.108,32",-,"-20,12","-16,48","-1,60","2,60","0,03","0,99 %",- %
21,MNPR3,"4,00","1,90","7,10",0.0,1.1053,0.0,0.0,"0,72","0,85","0,14","0,73","0,86","0,12","-0,07","-0,07",0.2837,0.1668,0.1413,-0.1402,"1,18",0.084,-0.1653,-0.08289999999999999,"-4,65","-55,35",-,"0,00","0,01","-1,97","2,97","0,13","2,59 %",- %
22,GOAU3,"3,88","3,75","9,70",3.09,-0.4764,0.15,3.53,"0,80","1,33","0,08","2,70","4,47","0,11","0,39","0,39",0.106,0.1325,0.0801,0.0302,"0,73",0.044000000000000004,0.022099999999999998,0.06280000000000001,"1,10","25,04","0,36","1,86","3,07","0,50","0,50","2,46","-1,88 %",- %
23,USIM5,"4,08","3,80","11,11",1.97,-0.5664,0.33,13.57,"2,63","5,37","0,19",-,-,"0,34","0,86","0,86",0.12539999999999998,0.1301,0.0637,0.0252,"0,57",0.0242,0.0143,0.0429,"0,30","12,42","0,20","1,64","3,34","0,59","0,41","3,07","7,98 %",- %
24,ADHM3,"1,17","1,07","3,00",0.0,-0.11359999999999999,0.0,0.0,-,"-1,98","36,56",-,"-1,98","268,13","-0,50","-0,50",1.0,-90000.0,-135.4848,-188.6061,"0,14",0.3147,-25.719,0.2261,"-0,82","-2,62",-,-,"0,00","-81,72","82,72","0,00",- %,- %
25,VALE3,"40,50","34,10","57,36",3.49,-0.2213,1.36,0.0,-,"95,55","0,58",-,"109,05","1,44","16,60","16,60",0.436,-90000.0,0.0151,-0.058499999999999996,"0,40",-0.0553,-0.0235,-0.0012,"-1,65","29,74","0,19",-,"13,49","0,43","0,57","1,23","13,75 %",- %
26,MYPK3,"9,97","9,80","23,62",8.52,-0.4954,0.44,3.64,"1,40","2,27","0,16","3,60","5,84","0,15","1,98","1,98",0.1183,0.1094,0.0675,0.0421,"1,07",0.12050000000000001,0.0449,0.0902,"2,74","22,75","0,69","2,20","3,57","0,37","0,63","1,30","7,91 %","28,59 %"
27,PETR3,"15,32","11,05","33,28",3.27,-0.5253,0.67,4.88,-,"2,45","0,22",-,"6,34","0,66","-49,39","-49,39",0.40399999999999997,-90000.0,0.2703,0.1356,"0,33",0.13699999999999998,0.044199999999999996,0.10039999999999999,"3,14","22,93","1,06",-,"3,89","0,32","0,68","0,97","-1,24 %",- %
28,AZEV4,"2,00","1,71","6,74",0.0,-0.5789,0.0,0.0,"-0,14","-0,13","196,67","-0,55","-0,53","0,44","-0,07","-0,07",-1.5965,-3.1617,-3.2952,-5.331799999999999,"444,50",0.5903,-2370.0217000000002,0.6163000000000001,"-24,10","-40,83",-,"-0,39","-0,37","-4.015,01","5.015,01","0,11","-31,81 %",- %
29,ENGI11,"36,00","35,35","60,00",1.67,-0.1016,2.02,24.78,-,"5,58","0,33",-,"11,74","0,66","5,62","5,62",0.1634,-90000.0,0.1177,0.0265,"0,51",0.0816,0.0134,0.08,"1,45","17,81","2,23",-,"6,16","0,16","0,84","1,31","10,32 %","8,45 %"
30,ENBR3,"14,61","13,62","23,20",4.42,-0.1656,0.86,5.98,"2,97","3,76","0,32","4,88","6,17","0,58","5,57","5,57",0.1938,0.1959,0.155,0.0973,"0,55",0.1435,0.053899999999999997,0.10189999999999999,"2,44","17,02","0,55","1,91","2,41","0,38","0,62","1,28","8,22 %","1,06 %"
31,TRPL3,"22,45","21,20","29,90",6.73,0.0275,1.07,8.31,"6,40","6,32","0,68","6,15","6,07","4,48","4,46","4,46",0.7119,0.6992,0.7082999999999999,0.5384,"0,15",0.1293,0.0824,0.1152,"2,70","20,89","0,05","0,27","0,27","0,64","0,36","3,05","20,76 %","28,03 %"
32,BRAP4,"26,92","24,35","42,39",5.18,-0.16190000000000002,0.98,0.0,-,"-22,54","0,93",-,"-21,98",-,"39,02","39,02",-90000.0,-90000.0,-90000.0,-90000.0,"0,00",-0.042199999999999994,-0.039900000000000005,-0.0425,"-1,16","27,47","0,00",-,"-0,05","0,95","0,05","1,76",- %,- %
33,BRAP3,"24,83","22,50","39,65",5.1,-0.1107,0.9,0.0,-,"-20,79","0,86",-,"-21,98",-,"35,99","35,99",-90000.0,-90000.0,-90000.0,-90000.0,"0,00",-0.042199999999999994,-0.039900000000000005,-0.0425,"-1,16","27,47","0,00",-,"-0,05","0,95","0,05","1,76",- %,- %
34,TASA3,"3,35","2,44","5,85",0.0,-0.154,0.0,6.82,"2,39","2,80","0,28","8,35","9,78","0,30","4,59","4,59",0.3408,0.12390000000000001,0.1057,0.0434,"0,94",-0.1426,0.0407,0.1868,"0,49","-3,44",-,"5,77","6,76","-0,29","1,29","1,10","3,94 %",- %
35,EQTL3,"15,88","15,44","26,90",5.98,-0.0258,2.08,8.65,-,"4,96","0,47",-,"8,64","0,98","4,05","4,05",0.2708,-90000.0,0.19760000000000003,0.1134,"0,48",0.2407,0.0548,0.11220000000000001,"1,84","7,63","1,54",-,"3,68","0,23","0,77","1,69","10,58 %","8,27 %"
36,GPIV33,"3,42","2,77","7,60",0.0,-0.1857,0.09,0.47,-,"0,45","0,08",-,"-0,73","0,30","0,38","0,38",1.0,-90000.0,0.6736,0.6431,"0,26",0.20079999999999998,0.1646,0.209,"7,33","36,52","-0,25",-,"-1,18","0,82","0,18","4,37",- %,- %
37,EMBR3,"8,48","7,64","20,50",0.0,-0.5618,0.43,0.0,-,"-9,76","0,15",-,"-2,40","0,60","0,71","0,71",0.1367,-90000.0,-0.061500000000000006,-0.12359999999999999,"0,25",-0.0888,-0.0304,-0.073,"-1,75","19,68","-0,32",-,"7,35","0,34","0,66","1,34","-12,41 %",- %
38,FRAS3,"3,47","3,30","7,34",8.61,-0.2695,0.97,23.01,"4,59","7,08","0,47","5,68","8,76","0,55","1,94","1,94",0.2561,0.1204,0.0781,0.024,"0,84",0.0421,0.0202,0.059000000000000004,"0,15","3,58","0,23","1,09","1,68","0,48","0,52","2,14","9,31 %","-8,96 %"
39,EALT4,"3,66","3,66","7,70",2.54,-0.22460000000000002,0.51,4.89,"2,21","3,04","0,22","5,33","7,33","0,28","7,90","7,90",0.2162,0.1245,0.09050000000000001,0.056299999999999996,"0,81",0.1035,0.045700000000000005,0.0977,"0,75","7,23","0,48","2,11","2,91","0,44","0,56","1,09","15,33 %","167,95 %"
40,CGAS5,"161,62","59,61","244,34",10.74,1.4641,41.23,15.67,"8,52","9,85","2,53",-,-,"2,25","-1.352,40","-1.352,40",0.3271,0.2641,0.2285,0.1437,"1,13",2.6317000000000004,0.1618,0.2685,"10,32","3,92","8,01","1,66","1,91","0,06","0,94","0,99","7,60 %","14,36 %"
41,NEOE3,"14,90","14,90","27,53",3.07,-0.1035,0.94,7.83,"3,29","4,23","0,33","6,66","8,58","0,64","5,35","5,35",0.22399999999999998,0.1934,0.1501,0.08109999999999999,"0,52",0.1199,0.0426,0.08710000000000001,"1,90","15,87","0,97","3,38","4,35","0,36","0,64","1,35","14,27 %","44,08 %"
42,PETR4,"15,34","11,29","30,81",6.27,-0.4606,0.67,4.88,-,"2,45","0,22",-,"6,34","0,66","-49,46","-49,46",0.40399999999999997,-90000.0,0.2703,0.1356,"0,33",0.13699999999999998,0.044199999999999996,0.10039999999999999,"3,14","22,93","1,06",-,"3,89","0,32","0,68","0,97","-1,24 %",- %
43,TAEE4,"8,80","7,32","10,75",7.16,0.1564,1.85,9.07,"8,23","6,47","0,81","13,02","10,24","5,07","3,54","3,54",0.6801999999999999,0.6157,0.7827,0.5584,"0,16",0.2034,0.08929999999999999,0.12279999999999999,"0,97","4,77","1,07","4,76","3,74","0,44","0,56","3,58","3,08 %","1,96 %"
44,TAEE11,"26,50","22,86","32,21",7.14,0.0928,1.85,9.11,"8,26","6,50","0,81","13,02","10,24","5,09","3,55","3,55",0.6801999999999999,0.6157,0.7827,0.5584,"0,16",0.2034,0.08929999999999999,0.12279999999999999,"2,91","14,30","1,07","4,76","3,74","0,44","0,56","3,58","3,08 %","1,96 %"
45,ALUP11,"23,80","20,86","30,36",1.89,0.0508,0.93,4.25,"2,79","2,85","0,36","4,65","4,76","1,52","2,08","2,08",0.5372,0.5445,0.5324,0.3574,"0,24",0.2177,0.08470000000000001,0.1183,"5,60","25,73","0,62","1,86","1,90","0,39","0,61","2,61","25,19 %","23,51 %"
46,FESA4,"12,29","10,39","23,09",10.97,-0.3812,0.59,4.9,-,"6,06","0,40",-,"9,44","0,85","2,48","2,48",0.20199999999999999,-90000.0,0.1401,0.17309999999999998,"0,47",0.12050000000000001,0.08070000000000001,0.0623,"2,51","20,81","0,17",-,"1,79","0,67","0,33","2,71","6,45 %","4,99 %"
47,USIM3,"4,96","4,48","11,44",1.47,-0.5626,0.4,16.5,"3,20","6,53","0,24",-,-,"0,42","1,04","1,04",0.12539999999999998,0.1301,0.0637,0.0252,"0,57",0.0242,0.0143,0.0429,"0,30","12,42","0,20","1,64","3,34","0,59","0,41","3,07","7,98 %",- %
48,CPFE3,"25,83","23,50","39,20",1.86,-0.10439999999999999,2.24,10.83,"4,66","6,32","0,68","7,18","9,74","0,99","108,34","108,34",0.21969999999999998,0.21359999999999998,0.1574,0.09179999999999999,"0,68",0.2069,0.062400000000000004,0.1079,"2,39","11,53","1,21","2,52","3,42","0,30","0,70","1,03","7,76 %","25,71 %"
49,CPLE6,"48,48","34,59","77,91",5.87,0.3195,0.75,6.43,-,"4,16","0,35",-,-,"0,82","5,18","5,18",0.276,-90000.0,0.19640000000000002,0.127,"0,42",0.11720000000000001,0.0538,0.0875,"7,54","64,31","0,49",-,"2,70","0,46","0,54","1,48","1,68 %","10,27 %"
50,JFEN3,"2,35","1,49","10,81",0.0,-0.3614,0.95,0.0,"-0,61","-0,61","0,14","-2,11","-2,10","2,50","0,51","0,51",-0.6275,-4.0749,-4.0971,-4.331,"0,06",-1.6402,-0.2439,-0.4698,"-4,07","2,48","2,31","-1,50","-1,49","0,15","0,85","1,52","-34,17 %",- %
51,RPMG3,"2,95","1,80","10,82",0.0,0.34090000000000004,0.0,0.0,"-1,00","-0,97","0,09","-1,00","-0,97","0,19","-0,09","-0,09",-0.0109,-0.18539999999999998,-0.1918,-0.21780000000000002,"0,49",0.0861,-0.1067,0.0758,"-3,47","-40,30",-,"0,00","0,00","-1,24","2,24","0,47","33,55 %",- %
52,VIVT4,"50,31","43,41","61,11",7.01,0.07339999999999999,1.21,17.01,"4,69","11,79","0,79","5,25","13,21","1,92","93,22","93,22",0.49939999999999996,0.4096,0.163,0.113,"0,41",0.071,0.0462,0.0691,"2,96","41,67","0,15","0,58","1,45","0,65","0,35","1,05","1,90 %","7,89 %"
53,ELET3,"21,67","15,24","46,83",3.82,-0.35850000000000004,0.48,3.16,"2,74","4,02","0,19",-,-,"1,23","2,25","2,25",0.7555,0.4473,0.3048,0.3875,"0,16",0.1505,0.0605,0.0611,"6,85","45,51","0,49","2,83","4,16","0,40","0,60","1,59","-3,18 %",- %
54,BBSE3,"23,29","22,27","35,33",12.06,-0.0754,8.87,7.0,-,"5,42","3,12",-,"5,42",-,"89,14","89,14",-90000.0,-90000.0,-90000.0,-90000.0,"0,00",1.2686,0.4461,-90000.0,"3,33","2,62",-,-,-,"0,35","0,65","1,06",- %,"9,62 %"
55,MRFG3,"8,62","6,29","13,99",0.0,0.2676,3.45,3.88,"1,33","1,80","0,19","4,33","5,85","0,13","1,61","1,61",0.1309,0.09449999999999999,0.07,0.032400000000000005,"1,54",0.8906999999999999,0.0501,0.1325,"2,22","2,50","7,79","3,00","4,05","0,06","0,94","1,36","20,06 %",- %
56,KEPL3,"24,13","17,60","30,75",1.04,0.305,1.36,16.9,-,"12,11","0,94",-,"11,42","1,09","5,03","5,03",0.2488,-90000.0,0.08990000000000001,0.0644,"0,86",0.08039999999999999,0.0556,0.0832,"1,43","17,76","-0,08",-,"-0,69","0,69","0,31","1,71","-3,74 %","43,21 %"
57,CARD3,"7,41","5,90","15,52",4.2,0.1109,1.2,11.54,"2,99","6,94","0,62","3,85","8,94","0,71","-49,60","-49,60",0.2521,0.2389,0.10289999999999999,0.061900000000000004,"0,87",0.1043,0.0541,0.09970000000000001,"0,64","6,15","0,35","0,86","2,00","0,52","0,48","0,96","-1,32 %","7,14 %"
58,TELB4,"16,00","12,41","70,58",0.0,-0.4425,0.48,0.0,"11,44","-6,46","0,18","25,18","-14,22","3,89","0,84","0,84",-1.046,0.3398,-0.6017,-1.1629,"0,05",-0.1442,-0.0553,-0.064,"-4,79","33,20","-0,35","-8,32","4,70","0,38","0,62","5,04","35,27 %",- %
59,BNBR3,"77,00","38,77","109,00",8.32,0.8613,1.23,3.83,-,"2,72","0,11",-,"2,72","1,21","-22,73","-22,73",0.4568,-90000.0,0.4446,0.31629999999999997,"0,09",0.32,0.0296,-90000.0,"20,11","62,84",-,-,-,"0,09","0,91","0,98","-3,30 %","41,54 %"
60,PARD3,"16,85","14,85","32,52",2.66,-0.22640000000000002,3.17,13.93,"6,73","9,39","1,36","7,04","9,82","1,63","12,06","12,06",0.3014,0.2421,0.17370000000000002,0.11699999999999999,"0,83",0.2274,0.0974,0.2052,"1,21","5,32","0,15","0,31","0,43","0,43","0,57","1,55","11,89 %","13,47 %"
61,SQIA3,"15,00","9,02","29,49",0.38,0.5496,2.45,0.0,"80,79","-468,87","1,71","59,35","-344,46","6,04","3,10","3,10",0.33039999999999997,0.0748,-0.0129,-0.026099999999999998,"0,28",-0.0106,-0.0074,-0.0104,"-0,06","6,12","-0,65","-21,44","124,41","0,70","0,30","7,63","18,39 %",- %
62,CESP3,"25,16","21,36","35,00",10.88,0.1563,1.15,7.09,"9,55","17,04","0,64",-,-,"5,24","129,10","129,10",0.305,0.5493,0.3077,0.7402,"0,12",0.1628,0.08990000000000001,-0.0608,"3,55","21,82","0,15","1,28","2,28","0,55","0,45","1,07","-11,84 %",- %
63,CSNA3,"6,25","5,80","17,84",15.2,-0.6093999999999999,0.76,3.86,-,"2,45","0,17",-,"9,29","0,34","7,84","7,84",0.32130000000000003,-90000.0,0.1392,0.0882,"0,50",0.1975,0.0441,0.0689,"1,62","8,19","2,13",-,"6,85","0,22","0,78","1,10","10,76 %",- %
64,LOGN3,"11,50","8,10","25,70",0.0,0.26649999999999996,3.78,107.4,"4,42","6,95","0,63","6,61","10,39","1,14","2,06","2,06",0.1882,0.2577,0.16390000000000002,0.0106,"0,55",0.0352,0.0058,0.10039999999999999,"0,11","3,04","1,87","2,19","3,44","0,17","0,83","2,76","3,30 %",- %
65,BEES3,"4,80","4,61","7,60",6.33,0.0213,0.94,7.09,-,"5,40","0,06",-,"5,42","0,71","-0,37","-0,37",0.3395,-90000.0,0.1324,0.1007,"0,09",0.1329,0.0091,-90000.0,"0,68","5,09",-,-,-,"0,07","0,93","0,75","-1,26 %","6,59 %"
66,WSON33,"30,00","27,30","49,97",0.0,-0.25,1.07,17.68,"4,23","7,27","0,46","7,82","13,43","1,34","9,50","9,50",0.4314,0.3166,0.1843,0.0758,"0,35",0.0605,0.0262,0.0507,"1,70","28,02","0,91","3,59","6,16","0,43","0,57","1,49","-0,97 %","2,21 %"
67,BRKM5,"15,62","10,07","47,91",5.37,-0.6690999999999999,3.16,0.0,-,"-220,10","0,18",-,-,"0,24","1,74","1,74",0.127,-90000.0,-0.0011,-0.0554,"0,77",-0.7343999999999999,-0.0425,-0.0591,"-3,63","4,95","5,26",-,"-366,81","0,06","0,94","1,44","2,22 %",- %
68,ITSA3,"9,50","9,29","13,78",9.15,-0.2731,1.37,7.56,-,"7,27","1,18",-,"6,62","15,96","21,00","21,00",0.2576,-90000.0,2.1953,2.1104,"0,07",0.18109999999999998,0.1566,0.17329999999999998,"1,26","6,94","0,01",-,"0,05","0,86","0,14","2,48","0,50 %","3,28 %"
69,FHER3,"1,94","1,31","4,68",0.0,-0.13,3.33,0.16,-,"-0,68","0,07",-,"-1,62","0,09","0,41","0,41",0.0662,-90000.0,-0.1294,0.5529,"0,75",20.813200000000002,0.41340000000000005,-2.0893,"12,13","0,58","4,54",-,"-0,93","0,02","0,98","1,51","-28,47 %",- %
70,VIVT3,"49,91","39,27","56,65",6.43,0.183,1.2,16.88,"4,65","11,70","0,78","5,25","13,21","1,91","92,48","92,48",0.49939999999999996,0.4096,0.163,0.113,"0,41",0.071,0.0462,0.0691,"2,96","41,67","0,15","0,58","1,45","0,65","0,35","1,05","1,90 %","7,89 %"
71,TOTS3,"43,94","38,27","83,72",0.96,0.055999999999999994,3.42,40.18,"19,73","26,03","2,39","17,20","22,68","3,71","6,52","6,52",0.6740999999999999,0.188,0.1425,0.09230000000000001,"0,65",0.085,0.0596,0.08710000000000001,"1,09","12,87","-0,44","-2,54","-3,34","0,70","0,30","2,84","3,64 %","1,56 %"
72,UGPA3,"11,12","10,69","27,46",3.96,-0.5,1.26,30.77,"5,78","9,62","0,40","10,80","17,99","0,14","1,26","1,26",0.0684,0.024,0.0144,0.0045000000000000005,"2,86",0.040999999999999995,0.0129,0.0352,"0,36","8,82","1,10","5,02","8,36","0,32","0,68","2,90","3,37 %","-23,25 %"
73,CSAN3,"48,10","42,27","84,20",2.08,0.062,1.71,7.64,"4,54","5,27","0,58","6,29","7,31","1,40","3,67","3,67",0.2929,0.30829999999999996,0.2655,0.18309999999999998,"0,41",0.2245,0.0756,0.1173,"6,30","28,06","0,66","1,76","2,04","0,34","0,66","1,84","10,19 %","23,01 %"
74,PRNR3,"7,89","7,55","14,97",0.09,-0.41119999999999995,4.02,0.0,"11,31","38,68","1,25","12,88","44,03","0,86","9,18","9,18",0.1406,0.0761,0.0223,-0.031,"1,46",-0.1447,-0.0451,0.0173,"-0,28","1,96","0,56","1,56","5,35","0,31","0,69","1,34",- %,- %
75,RLOG3,"16,80","11,21","23,50",0.0,0.12,0.9,10.0,"2,04","3,70","0,24","4,59","8,33","1,10","4,07","4,07",0.34979999999999994,0.5392,0.297,0.10980000000000001,"0,22",0.09029999999999999,0.023700000000000002,0.09720000000000001,"1,68","18,60","1,13","2,55","4,63","0,26","0,74","1,63","11,91 %",- %
76,CGRA4,"21,77","20,00","33,78",8.05,-0.0216,0.75,3.38,-,"4,48","0,51",-,"3,74","0,91","2,29","2,29",0.5338,-90000.0,0.20309999999999997,0.26940000000000003,"0,56",0.22089999999999999,0.1497,0.11560000000000001,"6,44","29,15","-0,12",-,"-0,72","0,68","0,32","2,07","5,13 %","22,66 %"
77,BEEF3,"8,75","6,60","15,65",0.0,0.1714,0.0,262.97,"2,46","2,91","0,32","5,94","7,02","0,25","1,61","1,61",0.1923,0.1008,0.08539999999999999,0.0009,"1,29",-0.0574,0.0012,0.1288,"0,03","-0,58",-,"3,48","4,11","-0,02","1,02","1,47","12,45 %",- %
78,TASA4,"3,90","2,31","6,57",0.0,0.028999999999999998,0.0,7.94,"2,79","3,27","0,32","8,35","9,78","0,35","5,35","5,35",0.3408,0.12390000000000001,0.1057,0.0434,"0,94",-0.1426,0.0407,0.1868,"0,49","-3,44",-,"5,77","6,76","-0,29","1,29","1,10","3,94 %",- %
79,ENAT3,"8,80","6,44","18,54",21.67,-0.3383,0.81,10.86,-,"11,13","0,51",-,"4,22","2,10","1,56","1,56",0.319,-90000.0,0.1891,0.1938,"0,24",0.07440000000000001,0.047400000000000005,0.058499999999999996,"0,81","10,89","-0,50",-,"-6,91","0,64","0,36","3,63","17,51 %","18,14 %"
80,CPLE3,"53,10","29,38","85,63",4.87,0.6661,0.83,7.04,-,"4,55","0,38",-,-,"0,89","5,67","5,67",0.276,-90000.0,0.19640000000000002,0.127,"0,42",0.11720000000000001,0.0538,0.0875,"7,54","64,31","0,49",-,"2,70","0,46","0,54","1,48","1,68 %","10,27 %"
81,GBIO33,"9,50","7,08","10,55",0.0,0.18899999999999997,1.37,632.47,-,"14,36","0,81",-,"16,38","1,36","6,87","6,87",0.46490000000000004,-90000.0,0.0949,0.0022,"0,60",0.0022,0.0013,0.0397,"0,02","6,95","0,19",-,"2,02","0,59","0,41","1,36","5,86 %",- %
82,AALR3,"8,32","8,32","23,15",1.02,-0.4301,0.75,19.66,-,"6,90","0,41",-,"10,59","0,92","91,03","91,03",0.2655,-90000.0,0.133,0.0467,"0,45",0.0379,0.0209,0.06570000000000001,"0,42","11,16","0,40",-,"3,69","0,55","0,45","1,03","8,93 %",- %
83,WEGE3,"32,89","17,79","49,63",1.24,0.775,7.73,42.28,"30,90","37,36","4,40","30,40","36,76","5,17","13,10","13,10",0.2962,0.1674,0.1384,0.1223,"0,85",0.18280000000000002,0.1041,0.1494,"0,78","4,26","-0,12","-0,49","-0,60","0,57","0,43","2,17","6,46 %","6,97 %"
84,BOBR4,"1,30","1,26","3,00",0.0,-0.42219999999999996,0.0,0.0,"4,08","5,55","0,52","5,56","7,57","0,32","-1,69","-1,69",0.38789999999999997,0.0783,0.0576,-0.0382,"1,61",0.142,-0.0616,1.6258000000000001,"-0,16","-1,09",-,"3,64","4,95","-0,43","1,43","0,57","-0,59 %",- %
85,CTNM4,"3,90","3,90","11,94",0.0,-0.6455,0.07,0.57,-,"0,39","0,03",-,"4,77","0,09","0,50","0,50",0.32159999999999994,-90000.0,0.2217,0.1514,"0,32",0.1133,0.048,0.0647,"6,80","60,03","0,70",-,"4,24","0,42","0,58","1,18","-6,20 %",- %
86,DMMO3,"0,59","0,48","10,40",0.0,-0.9203,0.0,0.0,-,"-1,84","0,12",-,"-9,47","0,36","-0,66","-0,66",0.1247,-90000.0,-0.1975,-0.2888,"0,33",0.2622,-0.0944,-0.2854,"-0,47","-1,79",-,-,"-7,63","-0,36","1,36","0,48","-5,60 %",- %
87,DOHL4,"5,69","5,69","7,99",0.0,-0.2601,0.58,10.81,"15,85","53,93","0,46","24,17","82,25","0,69","1,17","1,17",0.24100000000000002,0.0435,0.0128,0.0638,"0,67",0.0536,0.0429,-0.0278,"0,53","9,82","-0,07","-1,93","-6,55","0,80","0,20","6,62","4,64 %","2,46 %"
88,INEP3,"6,40","5,02","14,26",0.0,-0.5077,0.0,0.0,-,"-0,20","0,04",-,"-2,63","1,93","-0,03","-0,03",0.31120000000000003,-90000.0,-9.9022,-13.996099999999998,"0,02",0.2177,-0.2595,0.2477,"-46,33","-212,82",-,-,"-2,43","-1,19","2,19","0,14","-39,82 %",- %
89,PLAS3,"4,90","0,00","9,20",0.0,-0.2415,0.0,0.0,-,"9,54","0,10",-,"37,51","0,15","-0,34","-0,34",0.0768,-90000.0,0.015700000000000002,-0.0167,"0,65",0.09449999999999999,-0.0108,0.0381,"-0,55","-5,81",-,-,"27,96","-0,11","1,11","0,44","-3,25 %",- %
90,QUAL3,"21,36","13,98","44,99",22.46,0.4916,4.25,15.45,"6,16","10,03","1,79","7,01","11,42","3,03","13,34","13,34",0.8105,0.4919,0.3018,0.1961,"0,59",0.2753,0.1162,0.1558,"1,38","5,02","0,59","0,85","1,39","0,42","0,58","1,97","2,97 %","10,27 %"
91,SLED4,"0,77","0,75","2,48",0.0,-0.615,0.0,0.0,-,"-0,06","0,04",-,"-0,99","0,04","-1,00","-1,00",0.2979,-90000.0,-0.7515000000000001,-0.475,"0,79",1.8418999999999999,-0.3732,-1.6540000000000001,"-8,17","-4,43",-,-,"-0,92","-0,20","1,20","0,89","-17,69 %",- %
92,TAEE3,"8,89","8,11","10,72",7.09,0.005699999999999999,1.86,9.17,"8,31","6,54","0,82","13,02","10,24","5,12","3,57","3,57",0.6801999999999999,0.6157,0.7827,0.5584,"0,16",0.2034,0.08929999999999999,0.12279999999999999,"0,97","4,77","1,07","4,76","3,74","0,44","0,56","3,58","3,08 %","1,96 %"
93,TCNO4,"0,86","0,48","2,40",0.0,-0.35340000000000005,3.8,0.0,-,"-2,19","0,02",-,"-15,34","5,63","-0,06","-0,06",0.1966,-90000.0,-2.5662000000000003,-1.2362,"0,00",-0.8356999999999999,-0.0054,-0.075,"-0,19","0,23","22,12",-,"-12,75","0,01","0,99","0,30","-41,18 %",- %
94,PRIO3,"20,83","10,35","48,80",0.0,0.1109,1.6,4.74,"2,13","3,26","0,55","3,20","4,90","1,83","-12,78","-12,78",0.3973,0.8609,0.5621,0.38670000000000004,"0,30",0.33840000000000003,0.11599999999999999,0.21309999999999998,"4,40","12,99","0,80","1,07","1,64","0,34","0,66","0,86","45,40 %","41,93 %"
95,AGRO3,"17,00","13,80","20,75",5.47,0.1565,1.12,16.39,-,"8,55","0,70",-,"11,50","2,26","4,20","4,20",0.35840000000000005,-90000.0,0.2642,0.1378,"0,31",0.0683,0.0425,0.0675,"1,04","15,18","0,39",-,"2,95","0,62","0,38","2,10","8,20 %","-0,42 %"
96,CMIG4,"7,95","7,95","15,97",9.12,-0.41759999999999997,0.73,3.71,"2,70","3,73","0,23","5,89","8,13","0,46","5,21","5,21",0.2281,0.16899999999999998,0.1225,0.1232,"0,51",0.1968,0.06269999999999999,0.050300000000000004,"2,14","10,89","0,85","3,15","4,34","0,32","0,68","1,28","3,03 %","4,85 %"
97,ARZZ3,"33,03","33,03","68,50",2.35,-0.3191,4.03,18.53,"9,90","13,47","2,13","9,58","13,03","1,79","5,82","5,82",0.4619,0.1807,0.1329,0.0966,"1,19",0.2173,0.11470000000000001,0.1945,"1,78","8,20","-0,13","-0,32","-0,43","0,53","0,47","2,11","8,43 %","6,26 %"
98,LOGG3,"17,58","15,54","34,40",0.8,-0.0383,0.61,19.24,"9,93","9,97","0,45","12,04","12,09","14,03","2,42","2,42",0.9831,1.413,1.4072,0.7290000000000001,"0,03",0.0316,0.023399999999999997,0.0342,"0,91","28,92","0,13","2,11","2,12","0,74","0,26","6,69","6,62 %","40,26 %"
99,CESP6,"23,30","23,30","35,67",11.75,-0.0552,1.07,6.56,"8,84","15,78","0,59",-,-,"4,86","119,55","119,55",0.305,0.5493,0.3077,0.7402,"0,12",0.1628,0.08990000000000001,-0.0608,"3,55","21,82","0,15","1,28","2,28","0,55","0,45","1,07","-11,84 %",- %
100,RAIL3,"20,64","14,08","26,87",0.0,0.1359,3.74,40.95,"8,40","15,23","0,98","10,95","19,84","4,54","16,83","16,83",0.34979999999999994,0.5403,0.2982,0.1109,"0,22",0.09119999999999999,0.0239,0.09759999999999999,"0,50","5,53","1,13","2,55","4,62","0,26","0,74","1,63","11,31 %",- %
101,ITSA4,"8,11","7,53","13,88",10.71,-0.2804,1.17,6.45,-,"6,20","1,01",-,"6,62","13,62","17,93","17,93",0.2576,-90000.0,2.1953,2.1104,"0,07",0.18109999999999998,0.1566,0.17329999999999998,"1,26","6,94","0,01",-,"0,05","0,86","0,14","2,48","0,50 %","3,28 %"
102,PCAR3,"62,91","57,56","100,00",0.21,-0.3272,1.25,20.17,"4,37","8,66","0,29","5,99","11,86","0,30","-5,20","-5,20",0.2151,0.0681,0.0344,0.0148,"0,98",0.061900000000000004,0.0144,0.0611,"3,12","50,41","0,46","1,62","3,20","0,23","0,77","0,86","8,77 %",- %
103,FLRY3,"19,21","18,43","32,80",4.88,-0.1284,3.46,19.49,"6,91","10,86","1,19","7,76","12,21","2,09","8,24","8,24",0.30579999999999996,0.30329999999999996,0.1928,0.1075,"0,57",0.1776,0.0613,0.1346,"0,99","5,55","0,43","0,85","1,34","0,35","0,65","1,99","8,92 %","23,81 %"
104,IDVL3,"1,70","1,70","9,89",0.0,-0.773,0.38,0.0,"-4,49","-1,35","0,05","-4,55","-1,37","0,99","0,32","0,32",0.0526,-0.2205,-0.733,-0.0767,"0,05",-0.0298,-0.004,-90000.0,"-0,13","4,43",-,-,-,"0,13","0,87","1,37","-33,79 %",- %
105,REDE3,"9,93","6,51","10,00",2.78,0.5253,4.35,20.76,-,"12,29","1,09",-,"16,45","1,82","12,91","12,91",0.2079,-90000.0,0.1485,0.08789999999999999,"0,60",0.2094,0.0526,0.1115,"0,48","2,28","1,47",-,"4,16","0,25","0,75","1,49","6,40 %","18,30 %"
106,MMXM3,"1,51","1,37","2,84",0.0,-0.2634,0.0,0.0,-,"-0,12","0,08",-,"-2,40","7,83","-0,01","-0,01",-0.21100000000000002,-90000.0,-65.1735,-96.47879999999999,"0,01",0.16449999999999998,-0.9834,0.15410000000000001,"-18,60","-113,05",-,-,"-2,28","-5,98","6,98","0,03","27,80 %",- %
107,RAPT4,"5,19","4,90","14,92",6.92,-0.4473,0.82,5.97,"2,69","3,38","0,28","3,93","4,93","0,35","0,80","0,80",0.24719999999999998,0.1309,0.1043,0.059000000000000004,"0,80",0.1381,0.0475,0.0797,"0,87","6,29","0,40","1,32","1,66","0,34","0,66","2,49","10,44 %",- %
108,EGIE3,"37,56","37,56","54,10",4.32,-0.1226,4.38,13.26,"5,94","7,14","1,02","8,05","9,67","3,13","40,01","40,01",0.42340000000000005,0.5261,0.43810000000000004,0.2357,"0,33",0.33020000000000005,0.0767,0.1617,"2,83","8,58","1,56","2,11","2,54","0,23","0,77","1,13","8,53 %","9,01 %"
109,BSEV3,"2,57","2,32","7,67",0.0,-0.0302,11.46,0.0,-,"13,16","0,26",-,"41,43","0,42","13,38","13,38",0.1131,-90000.0,0.032,-0.1127,"0,61",-3.0620999999999996,-0.0683,0.0181,"-0,69","0,22","24,62",-,"28,28","0,02","0,98","1,06","6,67 %",- %
110,BRDT3,"13,85","13,74","31,09",19.28,-0.35340000000000005,1.84,7.3,"8,58","11,93","0,62","10,92","15,19","0,17","4,45","4,45",0.06269999999999999,0.019799999999999998,0.014199999999999999,0.0233,"3,67",0.2522,0.0855,0.0168,"1,90","7,52","0,50","2,35","3,26","0,34","0,66","1,42","-0,48 %",- %
111,ATOM3,"1,29","1,00","2,17",0.0,-0.3281,5.31,13.08,-,"11,46","1,69",-,"7,03","3,80","2,11","2,11",1.0,-90000.0,0.33140000000000003,0.2903,"0,44",0.4056,0.1288,0.4542,"0,10","0,24","-2,05",-,"-4,43","0,32","0,68","13,62",- %,- %
112,SLED3,"1,11","1,11","6,82",0.0,-0.4127,0.0,0.0,-,"-0,09","0,05",-,"-0,99","0,06","-1,44","-1,44",0.2979,-90000.0,-0.7515000000000001,-0.475,"0,79",1.8418999999999999,-0.3732,-1.6540000000000001,"-8,17","-4,43",-,-,"-0,92","-0,20","1,20","0,89","-17,69 %",- %
113,CCRO3,"11,25","9,83","20,08",6.78,-0.0594,2.69,15.93,"4,13","6,41","0,68","6,68","10,36","2,15","37,09","37,09",0.424,0.52,0.335,0.13470000000000001,"0,32",0.16899999999999998,0.0429,0.0971,"0,71","4,18","1,66","2,55","3,96","0,25","0,75","1,09","4,55 %","12,63 %"
114,VLID3,"7,61","6,87","19,77",9.2,-0.5965,0.49,10.09,"2,52","4,16","0,22","5,44","8,96","0,27","1,20","1,20",0.21969999999999998,0.10710000000000001,0.0649,0.0268,"0,80",0.0481,0.0213,0.0554,"0,75","15,68","0,56","2,92","4,81","0,44","0,56","1,71","4,16 %","-16,59 %"
115,BALM4,"10,95","9,70","16,50",0.0,-0.1472,0.99,25.59,"9,70","13,11","0,56","11,53","15,58","0,72","2,04","2,04",0.5176,0.0741,0.0548,0.0281,"0,78",0.0388,0.022000000000000002,0.0212,"0,43","11,03","0,16","1,58","2,14","0,57","0,43","1,88","5,91 %","-22,49 %"
116,OFSA3,"20,80","18,50","45,02",0.08,-0.34259999999999996,2.28,24.25,"11,64","15,63","1,29","14,09","18,92","1,81","5,23","5,23",0.4965,0.15560000000000002,0.1159,0.0747,"0,71",0.094,0.053200000000000004,0.07769999999999999,"0,86","9,13","0,48","2,45","3,29","0,57","0,43","2,02","3,02 %","-7,73 %"
117,PNVL3,"22,95","12,15","404,00",21.97,0.8287,5.93,40.51,"14,45","25,96","2,13","16,16","29,03","1,14","8,89","8,89",0.2969,0.0789,0.044000000000000004,0.0282,"1,87",0.1464,0.0526,0.1124,"0,57","3,87","0,83","2,02","3,62","0,36","0,64","1,70","6,53 %","11,14 %"
118,ELET6,"24,95","18,48","47,27",5.68,-0.2824,0.55,3.64,"3,16","4,63","0,22",-,-,"1,41","2,60","2,60",0.7555,0.4473,0.3048,0.3875,"0,16",0.1505,0.0605,0.0611,"6,85","45,51","0,49","2,83","4,16","0,40","0,60","1,59","-3,18 %",- %
119,RADL3,"95,00","63,41","128,44",0.64,0.40549999999999997,7.7,39.79,"14,53","28,06","2,56","14,92","28,80","1,79","18,71","18,71",0.2959,0.1229,0.0637,0.0449,"1,43",0.1935,0.0644,0.2141,"2,39","12,34","0,20","0,38","0,74","0,33","0,67","1,41","14,57 %","18,34 %"
120,RDNI3,"5,40","4,71","16,64",0.0,-0.016399999999999998,0.38,187.88,-,"27,78","0,16",-,"63,35","0,74","0,58","0,58",0.26289999999999997,-90000.0,0.026600000000000002,0.0039000000000000003,"0,22",0.002,0.0009,-0.0003,"0,03","14,25","0,49",-,"35,58","0,43","0,57","3,14","-10,52 %","-33,98 %"
121,TIET4,"2,54","1,98","3,73",6.52,0.233,3.49,16.89,"4,89","7,01","0,65","7,86","11,26","2,47","-51,32","-51,32",0.3528,0.5056,0.3528,0.1464,"0,26",0.20679999999999998,0.0385,0.1148,"0,15","0,73","1,99","2,79","4,00","0,19","0,81","0,95","-4,83 %","-17,87 %"
122,ODPV3,"14,95","13,00","18,39",2.36,-0.11539999999999999,7.11,27.89,"19,74","20,56","4,49","18,39","19,15","4,39","24,94","24,94",0.552,0.2224,0.21359999999999998,0.1575,"1,02",0.2551,0.161,0.2377,"0,54","2,10","-0,49","-1,35","-1,41","0,63","0,37","1,64","7,68 %","5,19 %"
123,VULC3,"3,63","3,63","9,34",0.0,-0.4654,0.82,6.23,"4,01","6,29","0,66","3,92","6,16","0,66","1,38","1,38",0.3469,0.1636,0.1042,0.1052,"1,00",0.1316,0.1056,0.122,"0,58","4,42","-0,02","-0,09","-0,13","0,80","0,20","5,32","7,08 %",- %
124,UNIP6,"22,85","15,55","42,61",3.21,-0.3069,1.51,12.97,"3,85","5,62","0,60",-,-,"0,73","5,29","5,29",0.26789999999999997,0.19039999999999999,0.1304,0.0565,"0,82",0.1162,0.0463,0.145,"1,76","15,16","0,11","0,28","0,41","0,40","0,60","1,54","28,83 %","14,43 %"
125,TUPY3,"11,40","10,49","26,77",1.52,-0.36450000000000005,0.69,5.89,"2,41","4,61","0,32","3,35","6,42","0,32","1,12","1,12",0.1617,0.1322,0.0691,0.054000000000000006,"1,01",0.1168,0.054400000000000004,0.0767,"1,93","16,56","0,27","0,94","1,81","0,47","0,53","2,31","8,54 %","4,85 %"
126,RAPT3,"4,70","4,21","11,85",7.64,-0.35700000000000004,0.75,5.41,"2,44","3,06","0,26","3,93","4,93","0,32","0,72","0,72",0.24719999999999998,0.1309,0.1043,0.059000000000000004,"0,80",0.1381,0.0475,0.0797,"0,87","6,29","0,40","1,32","1,66","0,34","0,66","2,49","10,44 %",- %
127,PSSA3,"42,15","42,15","67,80",5.54,-0.22820000000000001,1.65,9.88,-,"13,79","0,42",-,"3,47","0,75","2,85","2,85",1.0,-90000.0,0.0546,0.07629999999999999,"0,55",0.1668,0.042199999999999994,0.041100000000000005,"4,27","25,58","-1,23",-,"-10,32","0,25","0,75","1,27","3,19 %","6,68 %"
128,SHUL4,"5,91","5,91","16,58",4.49,-0.18600000000000003,0.85,5.43,"3,84","5,48","0,38","3,78","5,41","0,50","1,02","1,02",0.2177,0.1298,0.0909,0.0916,"0,76",0.1567,0.0695,0.0693,"1,09","6,94","0,35","1,59","2,27","0,44","0,56","2,51","10,35 %","15,10 %"
129,PFRM3,"4,00","3,10","7,69",0.0,-0.08259999999999999,0.49,41.35,"5,14","8,13","0,16","9,73","15,38","0,10","0,95","0,95",0.1537,0.020099999999999996,0.0127,0.0025,"1,51",0.011899999999999999,0.0038,0.030699999999999998,"0,10","8,11","0,44","4,59","7,26","0,32","0,68","1,33","6,74 %",- %
130,CCPR3,"14,04","11,51","26,49",0.0,0.15560000000000002,0.73,23.95,"8,55","8,55","0,44","12,63","12,63","4,92","3,11","3,11",0.6531999999999999,0.5758,0.5758,0.20550000000000002,"0,09",0.030600000000000002,0.0182,0.0437,"0,59","19,16","0,35","4,08","4,08","0,60","0,40","3,88","4,15 %","13,12 %"
131,BBAS3,"25,50","22,13","53,30",9.52,-0.4579,0.74,4.08,-,"8,51","0,05",-,"8,51","0,57","-0,25","-0,25",0.2161,-90000.0,0.0668,0.1393,"0,08",0.18100000000000002,0.0116,-90000.0,"6,25","34,51",-,-,-,"0,06","0,94","0,73","-6,76 %","2,53 %"
132,HAGA4,"1,82","1,42","4,00",0.0,0.22149999999999997,0.0,8.65,-,"5,05","0,39",-,"7,59","0,92","0,99","0,99",0.21780000000000002,-90000.0,0.182,0.1063,"0,42",-0.0332,0.044500000000000005,-0.1052,"0,21","-6,35",-,-,"0,70","-1,34","2,34","1,93","-4,49 %","-4,46 %"
133,TIET3,"3,10","2,02","4,37",5.35,0.4833,4.26,20.61,"5,97","8,56","0,79","7,86","11,26","3,02","-62,64","-62,64",0.3528,0.5056,0.3528,0.1464,"0,26",0.20679999999999998,0.0385,0.1148,"0,15","0,73","1,99","2,79","4,00","0,19","0,81","0,95","-4,83 %","-17,87 %"
134,BMGB4,"4,00","3,40","10,30",6.25,-0.5238,0.58,6.07,-,"16,34","0,12",-,"16,34","0,67",-,-,0.6317,-90000.0,0.0412,0.111,"0,18",0.0958,0.0199,-90000.0,"0,66","6,88",-,-,-,"0,21","0,79",-,"8,97 %","13,46 %"
135,TIET11,"13,15","9,99","19,50",6.3,0.2669,3.62,17.49,"5,06","7,26","0,67","7,86","11,26","2,56","-53,14","-53,14",0.3528,0.5056,0.3528,0.1464,"0,26",0.20679999999999998,0.0385,0.1148,"0,75","3,64","1,99","2,79","4,00","0,19","0,81","0,95","-4,83 %","-17,87 %"
136,PEAB3,"59,99","31,20","61,00",6.48,0.8256,1.45,16.87,-,"15,77","1,11",-,"11,02","1,90","3,64","3,64",0.3074,-90000.0,0.12029999999999999,0.1124,"0,59",0.0858,0.066,0.053399999999999996,"3,56","41,43","-0,33",-,"-3,57","0,77","0,23","3,49","7,19 %","11,98 %"
137,COCE5,"47,80","41,00","64,27",3.91,-0.0795,1.2,9.19,-,"6,60","0,43",-,-,"0,69","33,82","33,82",0.1408,-90000.0,0.10490000000000001,0.0753,"0,62",0.13,0.0467,0.09,"5,20","40,00","0,65",-,"3,58","0,36","0,64","1,05","5,44 %","2,21 %"
138,BBDC3,"17,67","15,66","35,30",10.69,-0.41,1.07,6.31,"7,31","12,50","0,12","7,63","13,05","1,44","-1,53","-1,53",0.33799999999999997,0.19690000000000002,0.1151,0.2281,"0,09",0.1689,0.0197,-90000.0,"2,80","16,58",-,-,-,"0,12","0,88","0,86","1,64 %","3,03 %"
139,MGEL4,"4,89","4,20","11,00",0.0,-0.3004,0.0,0.0,"0,43","0,61","0,08","9,55","13,71","0,05","0,20","0,20",0.1458,0.1235,0.086,-0.035699999999999996,"1,46",0.0516,-0.052199999999999996,0.1523,"-3,31","-64,09",-,"9,27","13,31","-1,01","2,01","3,05","5,41 %",- %
140,B3SA3,"35,85","29,56","52,29",3.99,0.1277,2.91,27.21,-,"22,84","1,84",-,"21,26","11,22","30,58","30,58",0.8983,-90000.0,0.4915,0.41259999999999997,"0,16",0.10679999999999999,0.0678,0.0876,"1,32","12,34","-0,20",-,"-1,58","0,63","0,37","1,30","24,30 %","4,25 %"
141,TRPL4,"19,45","17,41","24,79",7.77,0.0005,0.93,7.2,"5,55","5,47","0,59","6,15","6,07","3,88","3,86","3,86",0.7119,0.6992,0.7082999999999999,0.5384,"0,15",0.1293,0.0824,0.1152,"2,70","20,89","0,05","0,27","0,27","0,64","0,36","3,05","20,76 %","28,03 %"
142,OIBR3,"0,47","0,44","1,78",0.0,-0.6759000000000001,0.16,0.0,-,"-0,94","0,04",-,"-6,32","0,14","0,45","0,45",0.2394,-90000.0,-0.1479,-0.4517,"0,28",-0.5111,-0.1265,-0.08289999999999999,"-1,53","2,99","0,90",-,"-5,36","0,25","0,75","1,52","-5,94 %",- %
143,MGLU3,"35,54","19,92","58,85",1.35,0.7143999999999999,7.63,62.64,-,"44,81","2,92",-,"41,78","2,90","11,93","11,93",0.2793,-90000.0,0.06480000000000001,0.0464,"1,00",0.1219,0.0466,0.11789999999999999,"0,57","4,66","-0,52",-,"-3,03","0,38","0,62","1,60","17,24 %",- %
144,CBEE3,"15,00","15,00","22,90",1.63,-0.3307,0.68,8.95,"2,30","3,89","0,24","5,59","9,45","0,42","-2,50","-2,50",0.1648,0.1844,0.109,0.0473,"0,56",0.07629999999999999,0.0264,0.0653,"1,68","21,97","0,98","3,29","5,57","0,35","0,65","0,72","2,72 %",- %
145,PTNT4,"3,99","2,71","6,54",4.43,0.33,0.72,7.47,-,"7,20","0,36",-,"13,15","0,36","2,98","2,98",0.12380000000000001,-90000.0,0.0504,0.048600000000000004,"0,98",0.09630000000000001,0.0478,0.06309999999999999,"0,53","5,54","0,32",-,"3,23","0,50","0,50","1,36","4,59 %","11,27 %"
146,BRKM3,"16,59","13,86","49,05",5.06,-0.6487,3.35,0.0,-,"-233,76","0,19",-,-,"0,25","1,84","1,84",0.127,-90000.0,-0.0011,-0.0554,"0,77",-0.7343999999999999,-0.0425,-0.0591,"-3,63","4,95","5,26",-,"-366,81","0,06","0,94","1,44","2,22 %",- %
147,ABCB4,"11,80","11,03","23,75",8.9,-0.37670000000000003,0.64,4.88,"5,13","4,06","0,07","5,13","4,06","0,97","6,50","6,50",0.2717,0.1889,0.23879999999999998,0.1989,"0,07",0.1308,0.0146,-90000.0,"2,42","18,51",-,-,-,"0,11","0,89","1,02","0,06 %","5,06 %"
148,HAPV3,"37,75","27,71","69,11",1.16,0.36229999999999996,3.86,32.93,"23,83","27,14","2,25","24,43","27,82","4,98","67,44","67,44",0.39649999999999996,0.2089,0.1834,0.1512,"0,45",0.1173,0.0684,0.0806,"1,15","9,77","0,10","0,60","0,68","0,58","0,42","1,24","18,04 %","22,30 %"
149,OIBR4,"0,88","0,85","1,79",0.0,-0.4133,0.29,0.0,-,"-1,76","0,07",-,"-6,32","0,26","0,85","0,85",0.2394,-90000.0,-0.1479,-0.4517,"0,28",-0.5111,-0.1265,-0.08289999999999999,"-1,53","2,99","0,90",-,"-5,36","0,25","0,75","1,52","-5,94 %",- %
150,PINE4,"1,70","1,53","4,90",0.0,-0.2766,0.3,0.0,"-0,89","-0,90","0,02","-0,44","-0,44","0,44","-9,60","-9,60",-0.16940000000000002,-0.49,-0.4838,-0.20420000000000002,"0,06",-0.1405,-0.0116,-90000.0,"-0,80","5,68",-,-,-,"0,08","0,92","0,99","-9,78 %",- %
151,SAPR3,"4,20","4,07","24,01",6.32,-0.7796,1.03,5.88,"3,22","3,88","0,53","4,62","5,58","1,34","-52,61","-52,61",0.6064,0.4175,0.34600000000000003,0.22870000000000001,"0,40",0.17489999999999997,0.09050000000000001,0.1362,"0,71","4,09","0,45","1,42","1,72","0,52","0,48","0,91","9,71 %","19,76 %"
152,SLCE3,"20,00","16,12","25,99",4.74,-0.0253,1.28,12.1,-,"6,82","0,55",-,"8,57","1,25","3,64","3,64",0.2576,-90000.0,0.1837,0.1036,"0,44",0.1056,0.0453,0.09480000000000001,"1,65","15,66","0,33",-,"1,75","0,43","0,57","1,51","11,54 %","21,06 %"
153,UCAS3,"3,33","2,36","6,30",13.3,0.2288,1.38,12.24,"7,66","11,01","0,96","5,34","7,67","1,47","3,38","3,38",0.3981,0.1924,0.13390000000000002,0.1204,"0,65",0.1124,0.0788,0.08,"0,27","2,42","-0,42","-2,32","-3,34","0,70","0,30","2,10","-7,68 %","6,53 %"
154,BBDC4,"19,21","17,65","37,47",10.82,-0.4421,1.16,6.86,"7,95","13,59","0,14","7,63","13,05","1,56","-1,66","-1,66",0.33799999999999997,0.19690000000000002,0.1151,0.2281,"0,09",0.1689,0.0197,-90000.0,"2,80","16,58",-,-,-,"0,12","0,88","0,86","1,64 %","3,03 %"
155,APER3,"15,44","12,78","31,44",0.0,-0.32780000000000004,1.01,70.87,-,"-676,54","0,68",-,"-373,18","1,95","2,85","2,85",1.0,-90000.0,-0.0029,0.0274,"0,35",0.014199999999999999,0.0096,-0.0019,"0,22","15,33","-0,45",-,"303,36","0,67","0,33","2,57","-13,74 %",- %
156,OSXB3,"2,80","2,30","6,10",0.0,-0.3488,0.0,0.0,-,"-0,04","0,00",-,"-20,47","0,73","-0,02","-0,02",1.0,-90000.0,-17.548,-47.334399999999995,"0,01",0.1241,-0.2826,0.7653,"-180,63","-1.455,97",-,-,"-20,43","-2,28","3,28","0,03","-42,35 %",- %
157,GNDI3,"37,35","32,36","76,06",0.45,0.1394,3.54,53.23,"19,57","24,87","1,71","17,29","21,98","2,68","6,37","6,37",0.27440000000000003,0.13699999999999998,0.10779999999999999,0.0504,"0,64",0.0665,0.0322,0.07150000000000001,"0,70","10,55","-0,41","-2,27","-2,89","0,48","0,52","2,45","23,03 %","48,67 %"
158,UNIP3,"28,11","22,96","40,49",2.37,-0.16190000000000002,1.85,15.95,"4,74","6,92","0,74",-,-,"0,90","6,51","6,51",0.26789999999999997,0.19039999999999999,0.1304,0.0565,"0,82",0.1162,0.0463,0.145,"1,76","15,16","0,11","0,28","0,41","0,40","0,60","1,54","28,83 %","14,43 %"
159,SCAR3,"30,00","28,41","56,01",1.44,-0.1108,1.17,19.93,"6,80","8,20","0,59","11,23","13,54","4,65","5,78","5,78",0.7448,0.684,0.5674,0.2334,"0,13",0.0587,0.0294,0.0662,"1,51","25,63","0,76","4,43","5,34","0,50","0,50","4,49","-4,84 %","-11,86 %"
160,VVAR3,"4,10","3,84","16,64",0.0,-0.061799999999999994,9.22,0.0,"-25,87","-5,12","0,22","-47,90","-9,47","0,21","-1,62","-1,62",0.2862,-0.008,-0.0406,-0.0559,"1,05",-2.4792,-0.0587,-0.249,"-1,10","0,44","7,85","-22,02","-4,35","0,02","0,98","0,79","5,89 %",- %
161,CAML3,"7,47","6,27","9,79",2.09,0.08259999999999999,1.3,10.78,-,"9,56","0,53",-,"15,30","0,53","1,77","1,77",0.23600000000000002,-90000.0,0.0552,0.049,"1,01",0.1208,0.0496,0.0602,"0,69","5,74","0,78",-,"5,74","0,41","0,59","2,02","5,26 %","28,12 %"
162,LWSA3,"16,72","10,20","25,50",0.0,-0.1883,23.69,115.81,"19,59","39,53","4,07","21,03","42,44","5,43","-33,91","-33,91",0.4182,0.27699999999999997,0.1373,0.046900000000000004,"0,75",0.2046,0.0352,0.1699,"0,14","0,71","1,74","1,44","2,91","0,17","0,83","0,74",- %,- %
163,CEAB3,"6,09","5,30","19,11",4.16,-0.6375,0.69,1.93,"1,20","1,82","0,31","1,93","2,92","0,36","1,50","1,50",0.48590000000000005,0.2955,0.1955,0.1839,"0,88",0.35479999999999995,0.161,0.13470000000000001,"3,15","8,89","0,42","0,73","1,10","0,45","0,55","1,71",- %,- %
164,IGBR3,"1,76","1,62","4,20",0.0,-0.2108,0.0,0.0,-,"-2,38","0,09",-,"-103,97","3,51","-0,25","-0,25",0.7936,-90000.0,-1.476,-15.058399999999999,"0,03",0.1045,-0.3791,-0.2546,"-7,55","-72,27",-,-,"-101,59","-3,63","4,63","0,03","-9,22 %",- %
165,SANB4,"12,60","12,00","24,27",12.04,-0.4175,1.36,6.71,-,"6,51","0,11",-,"6,16","1,26","-1,05","-1,05",0.3296,-90000.0,0.19440000000000002,0.1885,"0,09",0.2022,0.0168,-90000.0,"1,88","9,29",-,-,-,"0,08","0,92","0,85","0,84 %","11,08 %"
166,ABEV3,"11,39","11,04","20,18",4.31,-0.32880000000000004,2.87,14.7,-,"11,16","1,76",-,"10,61","3,41","68,67","68,67",0.5879,-90000.0,0.30519999999999997,0.23170000000000002,"0,52",0.1948,0.1198,0.23309999999999997,"0,77","3,98","-0,14",-,"-0,55","0,61","0,39","1,10","2,40 %","-1,10 %"
167,HGTX3,"13,29","11,18","35,35",6.09,-0.5366,1.51,10.06,-,"12,26","1,19",-,"10,56","1,39","2,43","2,43",0.43810000000000004,-90000.0,0.11380000000000001,0.1386,"0,86",0.1505,0.1185,0.1143,"1,32","8,78","-0,21",-,"-1,70","0,79","0,21","3,73","-0,51 %","-5,25 %"
168,MTSA4,"15,55","13,00","28,25",5.14,-0.0383,0.59,7.89,"5,06","8,23","0,46","6,16","10,02","0,49","0,88","0,88",0.22219999999999998,0.09720000000000001,0.059699999999999996,0.0623,"0,94",0.0745,0.0583,0.0407,"1,97","26,43","-0,21","-1,82","-2,96","0,78","0,22","3,80","5,41 %","1,65 %"
169,PTBL3,"1,78","1,78","6,70",8.7,-0.636,0.77,21.43,"2,17","3,76","0,15","6,18","10,69","0,25","1,17","1,17",0.32539999999999997,0.1165,0.0674,0.0118,"0,61",0.0358,0.0072,0.053200000000000004,"0,08","2,32","1,42","4,01","6,93","0,20","0,80","1,39","1,00 %","-24,22 %"
170,SANB3,"11,44","11,44","27,93",12.05,-0.4696,1.23,6.09,-,"5,91","0,10",-,"6,16","1,15","-0,96","-0,96",0.3296,-90000.0,0.19440000000000002,0.1885,"0,09",0.2022,0.0168,-90000.0,"1,88","9,29",-,-,-,"0,08","0,92","0,85","0,84 %","11,08 %"
171,LREN3,"30,96","30,33","60,75",1.81,-0.1954,5.24,22.41,"10,38","14,99","2,09","10,49","15,15","2,57","13,05","13,05",0.6109,0.24760000000000001,0.1714,0.11460000000000001,"0,81",0.2336,0.0932,0.19390000000000002,"1,38","5,91","0,06","0,11","0,17","0,40","0,60","1,40","9,31 %","13,68 %"
172,POSI3,"2,70","2,20","11,47",0.0,0.1739,0.72,18.36,"2,91","3,87","0,20","4,82","6,42","0,20","1,31","1,31",0.2507,0.0687,0.0516,0.0109,"0,98",0.039,0.010700000000000001,0.0733,"0,15","3,77","0,47","1,91","2,54","0,27","0,73","1,25","0,77 %",- %
173,CMIG3,"8,35","7,74","18,76",8.68,-0.4752,0.77,3.89,"2,84","3,92","0,24","5,89","8,13","0,48","5,47","5,47",0.2281,0.16899999999999998,0.1225,0.1232,"0,51",0.1968,0.06269999999999999,0.050300000000000004,"2,14","10,89","0,85","3,15","4,34","0,32","0,68","1,28","3,03 %","4,85 %"
174,SAPR4,"4,15","3,98","22,05",7.04,-0.6981999999999999,1.02,5.81,"3,18","3,84","0,53","4,62","5,58","1,33","-51,99","-51,99",0.6064,0.4175,0.34600000000000003,0.22870000000000001,"0,40",0.17489999999999997,0.09050000000000001,0.1362,"0,71","4,09","0,45","1,42","1,72","0,52","0,48","0,91","9,71 %","19,76 %"
175,LIGT3,"8,99","7,30","24,51",2.15,-0.5665,0.44,2.06,"1,46","2,12","0,11","5,24","7,63","0,20","15,47","15,47",0.24989999999999998,0.14,0.09609999999999999,0.0992,"0,56",0.21309999999999998,0.0557,0.0418,"4,37","20,50","1,14","3,78","5,51","0,26","0,74","1,03","4,18 %","103,73 %"
176,BIDI3,"9,80","8,50","36,91",0.61,-0.6609999999999999,3.14,87.61,"75,11","162,44","0,69","72,45","156,69","8,18","4,57","4,57",0.5455,0.10890000000000001,0.050300000000000004,0.0933,"0,08",0.0358,0.0078000000000000005,-90000.0,"0,11","3,12",-,-,-,"0,22","0,78","1,31","11,95 %","18,54 %"
177,RENT3,"23,31","23,31","55,40",1.75,-0.25,3.25,21.2,"7,99","11,87","0,91","10,95","16,26","1,73","18,19","18,19",0.2462,0.217,0.1461,0.0818,"0,53",0.1531,0.043,0.0839,"1,10","7,18","1,20","2,96","4,40","0,28","0,72","1,28","21,02 %","15,69 %"
178,BRSR6,"11,12","10,82","24,61",10.6,-0.5064,0.58,3.38,"2,62","3,18","0,06",-,-,"0,50","1,22","1,22",0.47159999999999996,0.1913,0.1574,0.1482,"0,11",0.1725,0.0166,-90000.0,"3,29","19,05",-,-,-,"0,10","0,90","1,11","-3,56 %","7,61 %"
179,CEDO4,"4,45","4,29","13,50",0.0,-0.2583,0.23,0.0,"1,23","2,83","0,06","7,98","18,32","0,07","-4,27","-4,27",0.1124,0.053200000000000004,0.0232,-0.020499999999999997,"0,92",-0.0713,-0.019,0.0146,"-1,39","19,48","1,12","6,03","13,83","0,27","0,73","0,97","11,31 %",- %
180,JBSS3,"20,40","16,44","33,20",0.01,0.1826,1.71,8.61,"2,81","4,13","0,44","4,99","7,32","0,27","4,13","4,13",0.1562,0.0968,0.0659,0.0316,"1,62",0.19899999999999998,0.0512,0.1456,"2,37","11,90","1,32","2,17","3,19","0,26","0,74","1,47","4,65 %","4,74 %"
181,CGAS3,"120,00","63,47","248,73",13.15,0.5094,30.61,11.63,"6,33","7,31","1,88",-,-,"1,67","-1.004,13","-1.004,13",0.3271,0.2641,0.2285,0.1437,"1,13",2.6317000000000004,0.1618,0.2685,"10,32","3,92","8,01","1,66","1,91","0,06","0,94","0,99","7,60 %","14,36 %"
182,ENEV3,"32,35","19,22","48,31",0.0,0.6762,1.48,17.04,-,"10,56","0,74",-,"14,46","3,25","6,93","6,93",0.3945,-90000.0,0.3081,0.1909,"0,23",0.0868,0.0432,0.0742,"1,90","21,87","0,55",-,"3,90","0,50","0,50","2,09","15,62 %","34,30 %"
183,ITUB3,"19,99","19,68","31,57",10.06,-0.2807,1.31,7.05,"5,63","6,27","0,12","5,72","6,38","1,02",-,-,0.6065,0.18030000000000002,0.1618,0.1441,"0,12",0.1861,0.017,-90000.0,"2,84","15,25",-,-,-,"0,09","0,91",-,"8,30 %","1,24 %"
184,BPAN4,"4,16","3,03","11,89",5.78,0.3165,1.02,9.72,-,"21,38","0,15",-,"21,38","0,62","-1,01","-1,01",0.531,-90000.0,0.0288,0.0633,"0,25",0.1047,0.0155,-90000.0,"0,43","4,09",-,-,-,"0,15","0,85","0,75","1,72 %","34,01 %"
185,EMAE4,"25,90","20,27","39,69",2.52,0.1241,0.97,10.33,-,"27,45","0,64",-,"17,62","2,18","2,01","2,01",0.1902,-90000.0,0.0794,0.21100000000000002,"0,29",0.09359999999999999,0.0617,0.0034999999999999996,"2,51","26,80","-0,34",-,"-9,75","0,66","0,34","4,82","17,21 %","9,15 %"
186,SULA11,"34,31","26,34","66,75",1.88,0.0906,1.89,11.44,"12,75","14,37","0,48","-1,60","-1,80","0,62","1,37","1,37",0.1283,0.048799999999999996,0.0433,0.054400000000000004,"0,76",0.1653,0.0416,0.0637,"3,00","18,13","-2,13","-14,35","-16,18","0,25","0,75","1,95","7,60 %","9,88 %"
187,BTOW3,"45,10","29,63","76,56",0.0,0.1654,4.12,0.0,-,"227.655,59","1,47",-,"227.173,62","3.486,66","5,13","5,13",0.29719999999999996,-90000.0,0.015300000000000001,-0.047,"0,00",-0.0001,0.0,0.0,"0,00","10,96","-0,01",-,"-481,96","0,36","0,64","1,95","-5,57 %",- %
188,PDGR3,"3,09","2,78","8,80",0.0,-0.5275,0.0,0.0,"-0,06","-0,05","0,01","-3,46","-3,43","0,08","-0,01","-0,01",0.057,-1.5082,-1.5204,-3.0306,"0,16",0.1848,-0.4702,0.14300000000000002,"-112,79","-610,32",-,"-3,40","-3,38","-2,54","3,54","0,40","-30,29 %",- %
189,ITUB4,"20,66","20,50","36,95",9.73,-0.36229999999999996,1.36,7.28,"5,82","6,48","0,12","5,72","6,38","1,05",-,-,0.6065,0.18030000000000002,0.1618,0.1441,"0,12",0.1861,0.017,-90000.0,"2,84","15,25",-,-,-,"0,09","0,91",-,"8,30 %","1,24 %"
190,BIDI4,"9,32","6,89","23,45",1.99,-0.02,2.99,83.32,"71,43","154,48","0,65","72,45","156,69","7,78","4,35","4,35",0.5455,0.10890000000000001,0.050300000000000004,0.0933,"0,08",0.0358,0.0078000000000000005,-90000.0,"0,11","3,12",-,-,-,"0,22","0,78","1,31","11,95 %","18,54 %"
191,SHOW3,"1,80","1,70","6,75",6.58,-0.7192000000000001,0.44,0.0,"-4,00","-2,55","0,19","-2,24","-1,43","0,31","0,91","0,91",0.1437,-0.0771,-0.1209,-0.18230000000000002,"0,63",-0.2595,-0.1152,-0.142,"-1,06","4,10","-0,19","1,77","1,13","0,44","0,56","1,60","-6,50 %",- %
192,MOVI3,"7,79","7,79","22,49",4.75,-0.3045,1.01,10.22,"3,12","4,97","0,32","5,93","9,45","0,61","-8,02","-8,02",0.24489999999999998,0.1946,0.122,0.0594,"0,53",0.099,0.0315,0.0762,"0,76","7,70","0,91","2,81","4,48","0,32","0,68","0,87","25,88 %","27,71 %"
193,UNIP5,"27,70","19,50","41,60",3.67,-0.1858,1.83,15.72,"4,67","6,82","0,73",-,-,"0,89","6,41","6,41",0.26789999999999997,0.19039999999999999,0.1304,0.0565,"0,82",0.1162,0.0463,0.145,"1,76","15,16","0,11","0,28","0,41","0,40","0,60","1,54","28,83 %","14,43 %"
194,ECOR3,"8,25","8,05","19,10",0.0,-0.12050000000000001,10.12,0.0,"3,38","5,79","0,40","8,27","14,16","1,17","-2,74","-2,74",0.38049999999999995,0.3448,0.20129999999999998,-0.046900000000000004,"0,34",-0.4073,-0.0161,0.0564,"-0,33","0,82","14,63","4,89","8,37","0,04","0,96","0,58","7,64 %",- %
195,CIEL3,"3,98","3,98","9,43",5.2,-0.5548,1.14,6.84,"7,03","7,47","0,12","6,77","7,19","2,04","1,75","1,75",0.5024000000000001,0.2901,0.2731,0.2981,"0,06",0.16690000000000002,0.0169,0.0604,"0,58","3,48","-0,04","-0,27","-0,28","0,10","0,90","1,08","0,40 %","-13,29 %"
196,POMO3,"2,07","2,07","4,95",6.43,-0.3689,0.83,9.24,"6,28","7,79","0,38","8,59","10,65","0,45","1,48","1,48",0.1507,0.0723,0.0583,0.049100000000000005,"0,83",0.08990000000000001,0.0408,0.0525,"0,22","2,49","0,27","2,01","2,50","0,45","0,55","1,87","9,51 %","18,94 %"
197,SANB11,"23,86","23,86","48,87",12.14,-0.44780000000000003,1.28,6.35,-,"6,16","0,11",-,"6,16","1,20","-1,00","-1,00",0.3296,-90000.0,0.19440000000000002,0.1885,"0,09",0.2022,0.0168,-90000.0,"3,76","18,59",-,-,-,"0,08","0,92","0,85","0,84 %","11,08 %"
198,SULA4,"9,00","7,50","19,38",2.39,-0.027000000000000003,1.49,9.01,"10,04","11,31","0,37","-1,60","-1,80","0,49","1,08","1,08",0.1283,0.048799999999999996,0.0433,0.054400000000000004,"0,76",0.1653,0.0416,0.0637,"1,00","6,04","-2,13","-14,35","-16,18","0,25","0,75","1,95","7,60 %","9,88 %"
199,DTEX3,"7,77","7,77","19,30",4.81,-0.2738,1.09,13.25,"3,95","8,41","0,50","5,21","11,07","1,07","3,94","3,94",0.2582,0.2712,0.1276,0.081,"0,47",0.0823,0.0379,0.0718,"0,59","7,13","0,35","1,25","2,67","0,46","0,54","1,63","4,81 %","16,17 %"
200,JBDU4,"1,11","1,11","6,80",0.0,-0.8356,0.08,0.0,-,"-0,23","0,03",-,"-0,47",-,"-0,18","-0,18",-90000.0,-90000.0,-90000.0,-90000.0,"0,00",-0.2206,-0.0785,-0.48450000000000004,"-2,99","13,56","0,07",-,"-0,19","0,36","0,64","0,00",- %,- %
201,RCSL4,"0,93","0,82","2,95",0.0,-0.37579999999999997,0.0,0.0,-,"293,82","1,82",-,"335,75","3,78","-5,66","-5,66",0.2347,-90000.0,0.0129,-0.1856,"0,48",0.051500000000000004,-0.0892,-0.0036,"-0,05","-0,89",-,-,"-0,42","-1,73","2,73","0,56","99,40 %",- %
202,BIDI11,"28,36","24,20","70,66",0.63,-0.3343,3.03,84.51,"72,45","156,69","0,66","72,45","156,69","7,89","4,41","4,41",0.5455,0.10890000000000001,0.050300000000000004,0.0933,"0,08",0.0358,0.0078000000000000005,-90000.0,"0,34","9,36",-,-,-,"0,22","0,78","1,31","11,95 %","18,54 %"
203,RCSL3,"1,33","1,20","4,94",0.0,-0.40630000000000005,0.0,0.0,-,"420,19","2,60",-,"335,75","5,40","-8,10","-8,10",0.2347,-90000.0,0.0129,-0.1856,"0,48",0.051500000000000004,-0.0892,-0.0036,"-0,05","-0,89",-,-,"-0,42","-1,73","2,73","0,56","99,40 %",- %
204,HYPE3,"28,72","24,33","41,78",4.75,0.1383,2.08,15.6,"15,53","16,73","1,52","14,81","15,95","5,51","5,75","5,75",0.633,0.35479999999999995,0.3295,0.3533,"0,28",0.1336,0.0977,0.0986,"1,84","13,78","-0,10","-0,72","-0,78","0,73","0,27","3,00","2,19 %","15,76 %"
205,SAPR11,"20,86","19,86","111,60",6.88,-0.7186,1.02,5.84,"3,20","3,86","0,53","4,62","5,58","1,34","-52,26","-52,26",0.6064,0.4175,0.34600000000000003,0.22870000000000001,"0,40",0.17489999999999997,0.09050000000000001,0.1362,"3,57","20,43","0,45","1,42","1,72","0,52","0,48","0,91","9,71 %","19,76 %"
206,BPAC11,"32,31","26,49","81,45",4.13,-0.1354,1.33,7.57,"7,37","5,84","0,16","7,37","5,84","2,55","1,52","1,52",0.3118,0.3461,0.43670000000000003,0.3369,"0,06",0.1759,0.0213,-90000.0,"4,27","24,27",-,-,-,"0,12","0,88","1,16","-0,93 %","45,47 %"
207,SBSP3,"34,18","30,50","66,47",3.39,-0.141,1.08,6.94,"3,12","4,09","0,50","4,59","6,01","1,30","-15,00","-15,00",0.4363,0.41659999999999997,0.3176,0.1873,"0,39",0.15560000000000002,0.0725,0.12619999999999998,"4,93","31,65","0,51","1,47","1,92","0,47","0,53","0,76","8,96 %","44,41 %"
208,WIZS3,"8,53","6,66","14,91",20.87,0.23800000000000002,6.93,6.1,-,"3,69","2,33",-,"3,56","2,00","-11,27","-11,27",0.7186,-90000.0,0.5424,0.32799999999999996,"1,16",1.1360999999999999,0.3815,1.1787999999999998,"1,40","1,23","-0,23",-,"-0,12","0,34","0,66","0,53","13,39 %","17,52 %"
209,GRND3,"6,89","6,76","12,91",4.66,-0.1525,1.69,12.56,"14,43","17,58","1,53","11,74","14,31","3,00","2,64","2,64",0.4561,0.20800000000000002,0.1707,0.239,"0,51",0.1344,0.12179999999999999,0.0821,"0,55","4,08","-0,31","-2,69","-3,27","0,91","0,09","8,91","-1,23 %","-1,70 %"
210,OMGE3,"26,80","20,00","43,00",0.34,0.29469999999999996,1.59,139.6,-,"11,80","0,63",-,"19,62","4,49","4,84","4,84",0.3918,-90000.0,0.38060000000000005,0.0322,"0,14",0.011399999999999999,0.0045000000000000005,0.051399999999999994,"0,19","16,84","1,06",-,"7,82","0,39","0,61","3,81","47,92 %","46,86 %"
211,PMAM3,"9,43","7,49","43,50",0.0,-0.6092,0.66,0.0,"1,49","3,35","0,11","9,07","20,35","0,08","1,82","1,82",0.0121,0.0525,0.023399999999999997,-0.0048,"1,35",-0.0404,-0.006500000000000001,-0.0315,"-0,58","14,32","3,35","7,58","17,01","0,16","0,84","1,17","-0,55 %",- %
212,EZTC3,"25,30","19,97","60,16",0.55,0.1469,1.51,19.77,"24,96","26,09","1,34","19,46","20,34","7,14","2,72","2,72",0.408,0.28600000000000003,0.2736,0.3611,"0,19",0.0762,0.0679,0.0513,"1,28","16,78","-0,33","-5,50","-5,75","0,89","0,11","7,41","-0,25 %","-8,16 %"
213,INEP4,"6,30","4,65","15,20",0.0,-0.5263,0.0,0.0,-,"-0,19","0,04",-,"-2,63","1,90","-0,03","-0,03",0.31120000000000003,-90000.0,-9.9022,-13.996099999999998,"0,02",0.2177,-0.2595,0.2477,"-46,33","-212,82",-,-,"-2,43","-1,19","2,19","0,14","-39,82 %",- %
214,ENGI3,"12,02","10,24","15,84",1.0,-0.2275,3.38,41.37,-,"9,31","0,55",-,"11,74","1,10","9,39","9,39",0.1634,-90000.0,0.1177,0.0265,"0,51",0.0816,0.0134,0.08,"0,29","3,56","2,23",-,"6,16","0,16","0,84","1,31","10,32 %","8,45 %"
215,MULT3,"18,14","17,20","35,52",2.59,-0.21100000000000002,1.95,23.23,"11,85","15,47","1,14","14,24","18,58","8,35","27,90","27,90",0.7915000000000001,0.7042,0.5396,0.3594,"0,14",0.0839,0.049,0.0707,"0,78","9,31","0,39","2,39","3,12","0,58","0,42","1,42","4,16 %","5,33 %"
216,BMKS3,"195,00","0,00","290,72",4.3,-0.3293,0.47,33.01,-,"-16,62","0,40",-,"9,77","5,71","0,56","0,56",0.2666,-90000.0,-0.3439,0.17309999999999998,"0,07",0.0141,0.012199999999999999,-0.034,"5,91","418,50","-0,74",-,"26,39","0,86","0,14","27,35","-5,52 %","-24,44 %"
217,MTRE3,"10,00","9,55","20,80",0.0,-0.5192,16.7,33.06,-,"25,07","2,67",-,"27,14","3,39","13,41","13,41",0.3182,-90000.0,0.1353,0.1026,"0,79",0.5053,0.0808,0.1967,"0,30","0,60","1,38",-,"2,07","0,16","0,84","1,35",- %,- %
218,TIMP3,"12,35","10,24","17,49",3.33,0.0181,1.33,8.25,"3,10","6,62","0,74","3,01","6,42","1,72","88,82","88,82",0.5722,0.555,0.25980000000000003,0.2084,"0,43",0.16149999999999998,0.0898,0.1472,"1,50","9,27","-0,04","-0,09","-0,20","0,56","0,44","1,04","0,27 %","11,67 %"
219,STBP3,"3,73","3,02","8,45",0.12,-0.0132,1.85,162.49,"11,27","29,06","0,78","11,32","29,18","2,57","6,90","6,90",0.2571,0.2279,0.08839999999999999,0.0158,"0,30",0.011399999999999999,0.0048,0.042699999999999995,"0,02","2,02","0,01","0,05","0,13","0,42","0,58","2,54","0,17 %",- %
220,JHSF3,"3,01","2,14","8,95",2.76,0.2336,0.63,5.91,-,"3,16","0,33",-,"4,25","3,03","3,86","3,86",0.4875,-90000.0,0.9595,0.513,"0,11",0.1069,0.055999999999999994,0.1091,"0,51","4,77","0,22",-,"1,10","0,52","0,48","2,16","0,18 %","24,38 %"
221,VIVR3,"0,99","0,75","3,60",0.0,-0.725,0.0,0.0,-,"-0,28","0,09",-,"-1,44",-,"-0,19","-0,19",0.24480000000000002,-90000.0,1.1333,1.5168000000000001,"-0,28",1.6424,-0.42950000000000005,-2.6592000000000002,"-4,73","-2,88",-,-,"-1,16","-0,26","1,26","0,45",- %,- %
222,TCSA3,"0,65","0,60","2,19",0.0,-0.4961,0.51,0.0,-,"-2,25","0,28",-,"-2,36","1,31","1,26","1,26",0.0861,-90000.0,-0.5799,-0.7169,"0,21",-0.2772,-0.1527,-0.16829999999999998,"-0,36","1,29","0,02",-,"-0,11","0,55","0,45","2,08","-22,05 %",- %
223,RSID3,"4,00","3,65","11,22",0.0,-0.0971,0.0,0.0,"-0,16","-0,16","0,03","-3,40","-3,33","1,17","-0,08","-0,08",-0.41259999999999997,-7.3515,-7.5126,-10.3912,"0,03",1.0796999999999999,-0.2999,-0.4915,"-35,42","-32,80",-,"-3,24","-3,17","-0,28","1,28","0,49","-45,17 %",- %
224,TEND3,"19,38","16,13","39,58",3.08,0.1832,1.5,7.65,-,"6,96","0,58",-,"6,27","1,04","1,05","1,05",0.3323,-90000.0,0.1491,0.1356,"0,56",0.1956,0.076,0.115,"2,53","12,95","-0,15",-,"-0,69","0,39","0,61","4,33","18,04 %","54,85 %"
225,BTTL3,"4,41","3,41","11,25",0.0,0.19190000000000002,6.5,6.78,"2,53","3,26","0,50","3,69","4,76","0,14","-42,97","-42,97",0.1469,0.055,0.042699999999999995,0.020499999999999997,"3,61",0.9586,0.0741,0.4128,"0,65","0,68","2,98","1,16","1,50","0,08","0,92","0,97","6,70 %","-31,52 %"
226,TRIS3,"6,00","4,46","17,10",1.14,0.2793,1.02,7.41,-,"6,57","0,62",-,"5,50","1,40","1,15","1,15",0.35700000000000004,-90000.0,0.2133,0.1891,"0,44",0.1382,0.084,0.10949999999999999,"0,81","5,86","-0,17",-,"-1,07","0,61","0,39","3,15","16,04 %","43,54 %"
227,CRFB3,"21,18","17,30","24,55",1.33,0.060599999999999994,2.86,31.66,"10,91","15,12","0,94","10,62","14,71","0,70","20,06","20,06",0.2073,0.0641,0.0463,0.022099999999999998,"1,34",0.09029999999999999,0.0296,0.09539999999999998,"0,67","7,41","-0,08","-0,29","-0,40","0,33","0,67","1,10","7,65 %","6,16 %"
228,LAME3,"13,62","11,78","24,62",1.34,0.0741,2.99,37.98,"7,21","10,49","0,66","10,92","15,87","1,16","2,64","2,64",0.36369999999999997,0.16140000000000002,0.111,0.030699999999999998,"0,57",0.0788,0.0175,0.0776,"0,36","4,55","0,98","2,36","3,43","0,22","0,78","1,79","1,12 %","55,24 %"
229,ALPA4,"23,70","15,00","37,91",0.23,0.546,5.1,53.74,"30,34","32,48","3,08","26,17","28,02","3,75","10,30","10,30",0.5029,0.12369999999999999,0.11560000000000001,0.0699,"0,82",0.09480000000000001,0.057300000000000004,0.1054,"0,44","4,65","-0,11","-0,63","-0,67","0,60","0,40","2,08","-1,67 %","-0,30 %"
230,ETER3,"2,35","1,91","7,30",0.0,0.1634,0.0,0.0,"1,39","2,00","0,14","3,33","4,78","0,15","18,75","18,75",0.14029999999999998,0.1099,0.0765,-0.0258,"0,90",4.545,-0.0231,-0.1775,"-0,40","-0,09",-,"1,94","2,79","-0,01","1,01","1,02","-12,90 %",- %
231,LAME4,"17,44","14,44","29,06",1.05,0.09480000000000001,3.83,48.63,"9,24","13,43","0,85","10,92","15,87","1,49","3,39","3,39",0.36369999999999997,0.16140000000000002,0.111,0.030699999999999998,"0,57",0.0788,0.0175,0.0776,"0,36","4,55","0,98","2,36","3,43","0,22","0,78","1,79","1,12 %","55,24 %"
232,FRTA3,"5,80","0,80","13,70",0.0,0.0761,0.0,19.44,"-9,20","-5,59","0,36","-51,89","-31,53","1,22","-0,15","-0,15",0.2924,-0.1322,-0.21760000000000002,0.0625,"0,29",-0.0088,0.0183,0.17329999999999998,"0,30","-33,97",-,"-42,70","-25,94","-2,08","3,08","0,04","-23,88 %",- %
233,DIRR3,"7,41","7,18","18,39",6.75,-0.1189,0.83,9.41,-,"5,89","0,24",-,"6,63","0,78","0,63","0,63",0.3368,-90000.0,0.1324,0.08289999999999999,"0,31",0.0882,0.026000000000000002,0.07139999999999999,"0,79","8,93","0,10",-,"0,74","0,29","0,71","4,52","-1,46 %","-5,01 %"
234,MRVE3,"11,23","10,23","22,35",9.89,-0.1638,1.06,7.24,"6,54","7,31","0,37","9,59","10,72","0,89","1,08","1,08",0.3042,0.1367,0.1223,0.1235,"0,41",0.1464,0.0509,0.0735,"1,55","10,60","0,49","3,05","3,41","0,35","0,65","2,78","4,92 %","4,67 %"
235,LEVE3,"15,10","15,10","32,77",14.15,-0.3121,1.49,7.57,"4,40","5,61","0,83","4,96","6,33","0,77","3,80","3,80",0.2535,0.1745,0.1367,0.1013,"1,09",0.1973,0.1099,0.1732,"1,99","10,11","0,19","0,57","0,72","0,56","0,44","1,87","0,75 %","8,25 %"
236,PNVL4,"18,00","7,94","265,00",30.82,-0.9320999999999999,4.65,31.77,"11,34","20,36","1,67","16,16","29,03","0,90","6,97","6,97",0.2969,0.0789,0.044000000000000004,0.0282,"1,87",0.1464,0.0526,0.1124,"0,57","3,87","0,83","2,02","3,62","0,36","0,64","1,70","6,53 %","11,14 %"
237,NTCO3,"23,68","21,34","50,89",0.54,0.0464,8.36,180.87,-,"20,81","1,33",-,"24,69","1,95","14,71","14,71",0.7208,-90000.0,0.0935,0.0108,"0,68",0.0462,0.0073,0.085,"0,13","2,83","1,56",-,"3,88","0,16","0,84","1,25","12,83 %","-21,54 %"
238,BBRK3,"1,47","1,21","6,94",0.0,-0.7134999999999999,0.21,0.0,-,"-0,74","0,13",-,"0,04","0,39","1,73","1,73",0.7237,-90000.0,-0.5325,-0.5199,"0,34",-0.2732,-0.17559999999999998,-0.2961,"-1,95","7,14","-0,22",-,"0,77","0,64","0,36","1,49","-3,93 %",- %
239,TEKA3,"8,50","6,51","16,80",0.0,-0.13970000000000002,0.0,0.0,"-0,18","-0,15","0,00","-20,29","-16,61","0,03","0,00","0,00",0.149,-0.1566,-0.1913,-0.8676,"0,15",0.0825,-0.1317,0.0278,"-256,44","-3.108,32",-,"-20,12","-16,48","-1,60","2,60","0,03","0,99 %",- %
240,BGIP4,"23,49","23,10","38,37",9.19,-0.3287,0.83,4.29,-,"3,07","0,06",-,"4,54","0,53","-1,05","-1,05",0.5834,-90000.0,0.17149999999999999,0.1226,"0,12",0.19269999999999998,0.0151,-90000.0,"5,47","28,38",-,-,-,"0,08","0,92","0,91","2,22 %","25,22 %"
241,BRSR3,"13,97","13,97","24,73",8.44,-0.3918,0.73,4.25,"3,29","4,00","0,07",-,-,"0,63","1,54","1,54",0.47159999999999996,0.1913,0.1574,0.1482,"0,11",0.1725,0.0166,-90000.0,"3,29","19,05",-,-,-,"0,10","0,90","1,11","-3,56 %","7,61 %"
242,CYRE3,"12,77","12,45","34,38",14.26,-0.1537,0.99,9.55,-,"8,65","0,51",-,"10,58","1,30","1,61","1,61",0.3093,-90000.0,0.1501,0.1359,"0,39",0.1032,0.0535,0.06559999999999999,"1,34","12,95","0,22",-,"1,93","0,52","0,48","2,44","-1,97 %","-2,07 %"
243,EUCA4,"4,10","3,10","8,53",1.11,-0.0097,0.29,5.78,"1,42","2,86","0,17","3,93","7,89","0,25","4,38","4,38",0.2805,0.1747,0.087,0.043,"0,66",0.0495,0.0286,0.058499999999999996,"0,71","14,32","0,31","1,56","3,13","0,58","0,42","1,14","5,94 %","44,27 %"
244,TGMA3,"16,07","16,07","41,27",12.56,-0.38549999999999995,1.84,5.47,"3,95","4,37","1,08","4,51","4,99","0,79","5,88","5,88",0.21289999999999998,0.19920000000000002,0.1801,0.14400000000000002,"1,37",0.3373,0.1968,0.2159,"2,94","8,71","0,26","0,56","0,62","0,58","0,42","1,67","3,72 %","81,20 %"
245,CSMG3,"38,18","32,76","71,76",2.46,-0.3804,0.72,6.42,-,"4,19","0,42",-,"6,60","0,94","6,68","6,68",0.4181,-90000.0,0.22399999999999998,0.1463,"0,45",0.1119,0.0654,0.0883,"5,95","53,20","0,41",-,"2,41","0,58","0,42","1,65","6,11 %",- %
246,JSLG3,"12,70","9,78","36,34",1.49,0.15039999999999998,1.1,8.24,-,"2,19","0,13",-,"9,45","0,27","0,62","0,62",0.2126,-90000.0,0.12380000000000001,0.0329,"0,48",0.13390000000000002,0.015700000000000002,0.0643,"1,54","11,51","3,66",-,"7,26","0,12","0,88","1,90","10,09 %","46,78 %"
247,SMTO3,"14,93","12,30","29,75",4.41,-0.1938,1.43,9.4,-,"5,05","0,46",-,"9,34","1,56","2,20","2,20",0.2993,-90000.0,0.30879999999999996,0.1659,"0,29",0.1522,0.0489,0.10300000000000001,"1,59","10,44","1,21",-,"4,28","0,32","0,68","2,75","11,89 %","1,72 %"
248,BKBR3,"7,81","6,85","23,07",0.65,-0.6548999999999999,1.0,36.7,-,"14,32","0,51",-,"13,64","0,62","9,34","9,34",0.6224000000000001,-90000.0,0.0434,0.0169,"0,81",0.027200000000000002,0.0138,0.051699999999999996,"0,21","7,83","-0,05",-,"-0,68","0,51","0,49","1,28","24,74 %",- %
249,MILS3,"3,36","3,36","10,85",0.0,-0.2851,0.76,0.0,"7,09","-19,69","0,62","7,31","-20,27","1,93","6,42","6,42",0.35719999999999996,0.27140000000000003,-0.0978,-0.1024,"0,32",-0.0406,-0.0327,-0.0438,"-0,18","4,40","0,02","0,21","-0,59","0,80","0,20","1,76","-5,27 %",- %
250,ANIM3,"17,40","15,53","38,75",0.04,-0.1217,2.79,0.0,"8,18","16,04","0,80","12,70","24,90","1,63","16,58","16,58",0.4316,0.19899999999999998,0.1015,-0.008100000000000001,"0,49",-0.0139,-0.004,0.0603,"-0,09","6,24","1,54","4,52","8,86","0,29","0,71","1,34","7,19 %",- %
251,AMAR3,"3,92","3,75","15,28",0.0,-0.4578,0.72,0.0,"5,53","15,33","0,26","9,81","27,19","0,36","1,24","1,24",0.4619,0.0643,0.0232,-0.039,"0,72",-0.0791,-0.027999999999999997,0.011699999999999999,"-0,43","5,43","0,56","4,28","11,86","0,35","0,65","1,54","-1,85 %",- %
252,SEER3,"14,14","13,03","33,46",19.57,-0.2443,1.39,13.35,"4,65","6,99","0,71","4,34","6,52","1,43","7,64","7,64",0.545,0.3066,0.204,0.1069,"0,50",0.1042,0.0533,0.17420000000000002,"1,06","10,17","-0,09","-0,32","-0,48","0,51","0,49","1,59","4,57 %","-3,27 %"
253,MDIA3,"27,80","26,78","45,00",0.9,-0.3311,1.56,16.92,"12,19","17,50","1,16","12,99","18,64","1,54","8,07","8,07",0.35409999999999997,0.1266,0.0882,0.09119999999999999,"0,75",0.09230000000000001,0.0687,0.075,"1,64","17,80","0,10","0,80","1,14","0,74","0,26","2,01","5,72 %","-1,61 %"
254,ALSO3,"23,91","21,92","54,90",1.9,-0.1895,0.85,112.21,"19,26","25,01","0,58","15,62","20,29","8,55","4,87","4,87",0.7308,0.4439,0.3418,0.0762,"0,07",0.0075,0.0052,0.0274,"0,21","28,28","-0,16","-3,64","-4,72","0,69","0,31","6,44","17,55 %","-22,61 %"
255,POMO4,"2,22","2,15","5,53",5.99,-0.40159999999999996,0.89,9.91,"6,74","8,36","0,40","8,59","10,65","0,49","1,59","1,59",0.1507,0.0723,0.0583,0.049100000000000005,"0,83",0.08990000000000001,0.0408,0.0525,"0,22","2,49","0,27","2,01","2,50","0,45","0,55","1,87","9,51 %","18,94 %"
256,VIVA3,"13,95","10,72","32,71",1.21,-0.41850000000000004,3.02,12.77,-,"11,25","1,75",-,"10,68","4,40","3,83","3,83",0.7120000000000001,-90000.0,0.3907,0.34409999999999996,"0,40",0.23670000000000002,0.1373,0.1718,"1,09","4,61","-0,15",-,"-0,56","0,58","0,42","2,88",- %,- %
257,TECN3,"1,05","0,95","4,07",0.0,-0.5962,0.24,0.0,-,"-0,65","0,12",-,"-0,97","0,26","0,36","0,36",0.3455,-90000.0,-0.40049999999999997,-0.38789999999999997,"0,47",-0.35609999999999997,-0.1814,-0.3042,"-1,56","4,39","0,12",-,"-0,32","0,51","0,49","2,41","-4,46 %",- %
258,BRML3,"8,85","7,99","19,22",9.33,-0.2311,0.67,5.59,"3,80","3,93","0,41","4,75","4,91","6,15","11,69","11,69",0.8956000000000001,1.6192,1.5652000000000001,1.0997,"0,07",0.1193,0.07400000000000001,0.1112,"1,58","13,27","0,17","0,95","0,98","0,62","0,38","2,41","-1,61 %","83,67 %"
259,LPSB3,"3,17","3,05","10,27",0.0,-0.3382,2.64,0.0,-,"119,57","1,15",-,"82,22","3,17","3,75","3,75",0.8367,-90000.0,0.0265,-0.018799999999999997,"0,36",-0.015600000000000001,-0.0068000000000000005,-0.052300000000000006,"-0,02","1,20","-0,82",-,"-37,35","0,44","0,56","2,83","-6,29 %",- %
260,GOLL4,"9,47","5,71","43,79",0.0,-0.6087,0.0,165.67,-,"13,93","1,94",-,"16,66","2,14","-5,47","-5,47",0.2927,-90000.0,0.15380000000000002,0.0129,"0,91",-0.0252,0.011699999999999999,1.4743000000000002,"0,06","-2,26",-,-,"2,72","-0,46","1,46","0,48","7,23 %",- %
261,IRBR3,"8,59","7,05","44,90",2.48,-0.7331,1.73,4.56,-,"8,82","0,47",-,"8,82","1,22","-25,47","-25,47",0.1925,-90000.0,0.1378,0.2666,"0,39",0.38,0.1027,-90000.0,"1,88","4,96",-,-,-,"0,27","0,73","0,97","12,04 %","18,22 %"
262,LCAM3,"9,50","8,40","25,70",7.45,-0.2376,1.24,14.29,"3,81","6,05","0,44","5,90","9,38","1,01","5,73","5,73",0.2754,0.2646,0.16649999999999998,0.0705,"0,43",0.0866,0.030600000000000002,0.08220000000000001,"0,66","7,67","0,68","2,09","3,33","0,35","0,65","1,37","46,62 %","78,69 %"
263,BRPR3,"8,20","7,84","16,46",0.0,-0.0745,0.56,12.94,-,"5,20","0,41",-,"5,89","10,63","3,38","3,38",1.0,-90000.0,2.0436,0.821,"0,04",0.0432,0.0313,0.06509999999999999,"0,63","14,66","0,07",-,"0,69","0,72","0,28","4,86","-11,91 %",- %
264,ROMI3,"7,13","7,01","17,53",16.13,-0.2309,0.59,3.45,"3,25","4,29","0,33","4,70","6,21","0,59","1,23","1,23",0.2726,0.18030000000000002,0.1365,0.1697,"0,56",0.17120000000000002,0.095,0.0616,"2,07","12,07","0,26","1,46","1,92","0,56","0,44","1,92","4,76 %","77,63 %"
265,GSHP3,"34,95","25,92","143,98",0.0,-0.22329999999999997,15.42,0.0,"0,56","0,58","0,04","9,07","9,27","0,48","0,54","0,54",0.7381,0.8599,0.8412000000000001,-0.2465,"0,08",-7.8499,-0.0202,0.0852,"-17,79","2,27","232,87","8,50","8,69","0,00","1,00","1,54","-11,94 %",- %
266,GFSA3,"3,34","2,80","10,15",0.0,-0.5335,0.45,0.0,"13,62","39,12","0,16","24,37","69,99","1,00","0,73","0,73",0.29410000000000003,0.0735,0.0256,-0.0352,"0,16",-0.0158,-0.0055000000000000005,-0.0154,"-0,12","7,46","0,35","10,75","30,88","0,35","0,65","1,44","-22,62 %",- %
267,CNTO3,"19,50","11,00","50,93",0.0,0.5854,3.51,13.23,-,"8,74","1,04",-,"8,59","1,61","8,78","8,78",0.49450000000000005,-90000.0,0.1841,0.1217,"0,65",0.265,0.0787,0.3084,"1,47","5,56","-0,06",-,"-0,15","0,30","0,70","1,43",- %,- %
268,ALPA3,"18,31","14,48","33,88",0.27,0.0984,3.94,41.52,"23,44","25,10","2,38","26,17","28,02","2,90","7,95","7,95",0.5029,0.12369999999999999,0.11560000000000001,0.0699,"0,82",0.09480000000000001,0.057300000000000004,0.1054,"0,44","4,65","-0,11","-0,63","-0,67","0,60","0,40","2,08","-1,67 %","-0,30 %"
269,SMLS3,"11,37","9,18","49,69",31.3,-0.7468,1.17,2.25,"1,78","1,84","0,49","0,30","0,31","1,34","0,98","0,98",0.9301,0.7542,0.7286,0.5962,"0,36",0.52,0.2173,0.4155,"5,05","9,71","-0,97","-1,48","-1,53","0,42","0,58","2,09",- %,- %
270,EVEN3,"5,45","5,31","19,21",0.0,-0.1051,0.63,8.29,"6,62","6,94","0,24","9,27","9,73","0,62","0,54","0,54",0.2487,0.0934,0.08900000000000001,0.0746,"0,38",0.076,0.0286,0.0397,"0,66","8,65","0,25","2,65","2,79","0,38","0,62","2,65","-2,80 %","-0,88 %"
271,HBOR3,"1,40","1,15","4,96",0.0,0.0294,0.58,0.0,-,"72,01","0,20",-,"142,79","0,73","0,42","0,42",0.11720000000000001,-90000.0,0.0101,-0.08070000000000001,"0,28",-0.065,-0.0225,-0.0032,"-0,16","2,40","0,57",-,"70,78","0,35","0,65","2,75","-0,25 %",- %
272,AZUL4,"14,10","10,55","62,41",0.0,-0.6089,0.0,0.0,-,"-14,84","0,92",-,"-16,36","1,55","-6,52","-6,52",0.0066,-90000.0,-0.1045,-0.21,"0,60",0.6829000000000001,-0.1252,1305.0874000000001,"-1,91","-2,80",-,-,"-1,51","-0,18","1,18","0,60","12,83 %",- %
273,SULA3,"16,19","10,70","29,07",1.33,0.26289999999999997,2.68,16.2,"18,05","20,35","0,67","-1,60","-1,80","0,88","1,93","1,93",0.1283,0.048799999999999996,0.0433,0.054400000000000004,"0,76",0.1653,0.0416,0.0637,"1,00","6,04","-2,13","-14,35","-16,18","0,25","0,75","1,95","7,60 %","9,88 %"
274,SGPS3,"3,93","3,87","15,24",0.0,-0.5863,0.14,4.3,"1,11","2,52","0,06","5,83","13,28","0,14","0,63","0,63",0.31629999999999997,0.1247,0.0548,0.0321,"0,43",0.033,0.0139,0.0318,"0,91","27,73","0,60","4,72","10,76","0,42","0,58","1,33","-8,90 %","15,16 %"
275,TCNO3,"1,30","0,48","4,60",0.0,-0.078,5.75,0.0,-,"-3,31","0,04",-,"-15,34","8,50","-0,09","-0,09",0.1966,-90000.0,-2.5662000000000003,-1.2362,"0,00",-0.8356999999999999,-0.0054,-0.075,"-0,19","0,23","22,12",-,"-12,75","0,01","0,99","0,30","-41,18 %",- %
276,GUAR3,"10,35","9,90","30,45",8.81,-0.3944,0.99,8.72,"4,36","6,40","0,41","5,42","7,95","0,66","1,66","1,66",0.631,0.1518,0.10339999999999999,0.0759,"0,62",0.1134,0.047,0.08539999999999999,"1,19","10,47","0,24","1,06","1,56","0,41","0,59","1,71","7,23 %","11,09 %"
277,IGTA3,"28,82","26,97","56,86",1.48,-0.2261,1.7,16.19,"8,01","10,02","0,90","10,22","12,80","6,75","5,80","5,80",0.6657,0.8429000000000001,0.6731999999999999,0.4167,"0,13",0.1048,0.0558,0.0784,"1,78","16,99","0,47","2,22","2,78","0,53","0,47","4,33","3,46 %","10,17 %"
278,YDUQ3,"21,03","20,62","56,60",2.43,-0.25079999999999997,2.1,10.06,"5,15","7,22","1,18","5,98","8,38","1,82","8,12","8,12",0.5734,0.35369999999999996,0.2525,0.1812,"0,65",0.20829999999999999,0.11720000000000001,0.1868,"2,09","10,04","0,34","0,83","1,16","0,56","0,44","2,19","3,99 %","7,97 %"
279,BPAC5,"9,99","9,50","24,20",4.46,-0.1151,1.24,7.02,"6,83","5,42","0,15","7,37","5,84","2,37","1,41","1,41",0.3118,0.3461,0.43670000000000003,0.3369,"0,06",0.1759,0.0213,-90000.0,"1,42","8,09",-,-,-,"0,12","0,88","1,16","-0,93 %","45,47 %"
280,BPAC3,"18,60","17,44","40,00",2.39,0.061,2.3,13.07,"12,72","10,09","0,28","7,37","5,84","4,40","2,63","2,63",0.3118,0.3461,0.43670000000000003,0.3369,"0,06",0.1759,0.0213,-90000.0,"1,42","8,09",-,-,-,"0,12","0,88","1,16","-0,93 %","45,47 %"
281,MEAL3,"2,44","2,44","9,50",0.49,-0.6342,0.42,16.33,"3,30","7,04","0,18","4,87","10,41","0,29","7,80","7,80",0.33390000000000003,0.08789999999999999,0.0412,0.0177,"0,61",0.0256,0.0109,0.0384,"0,15","5,84","0,20","1,58","3,37","0,43","0,57","1,12","-0,15 %",- %
282,LLIS3,"4,88","3,86","30,25",9.76,-0.8329000000000001,0.15,0.0,"3,80","-3,87","0,08","15,15","-15,43","0,35","-2,20","-2,20",0.4752,0.09269999999999999,-0.091,-0.2023,"0,22",-0.08460000000000001,-0.045,-0.0417,"-2,80","33,15","0,44","11,35","-11,56","0,53","0,47","0,87","-4,30 %",- %
283,LINX3,"16,78","16,65","38,38",0.94,-0.5590999999999999,1.78,81.75,"15,83","39,18","1,24","12,63","31,27","4,03","3,42","3,42",0.6547,0.2547,0.10289999999999999,0.0493,"0,31",0.0217,0.0152,0.0264,"0,21","9,45","-0,36","-3,20","-7,91","0,70","0,30","3,51","11,90 %","-9,44 %"
284,CVCB3,"9,90","6,61","58,16",4.48,-0.8068000000000001,1.06,6.46,"2,37","3,05","0,21","4,19","5,39","0,77","0,89","0,89",0.9190999999999999,0.3264,0.25370000000000004,0.1199,"0,28",0.1648,0.033,0.1469,"1,53","9,30","0,81","1,81","2,34","0,20","0,80","1,49","18,82 %","12,66 %"
285,COGN3,"3,72","3,66","13,65",3.23,-0.645,0.44,28.78,"3,37","6,86","0,20","8,81","17,96","0,99","4,04","4,04",0.6002000000000001,0.2948,0.1447,0.0345,"0,21",0.015300000000000001,0.0070999999999999995,0.034300000000000004,"0,13","8,44","0,71","5,45","11,09","0,46","0,54","1,63","5,94 %","-29,53 %"
286,NORD3,"4,08","0,60","10,00",0.0,1.55,0.0,0.0,-,"9,00","1,61",-,"21,41","19,89","-0,56","-0,56",0.9072,-90000.0,2.2099,-0.243,"0,08",0.0024,-0.0197,-0.0294,"-0,05","-21,04",-,-,"12,41","-8,31","9,31","0,02",- %,- %
